date,min,max,median,q1,q3,stdev,count
2019-12-09T00:00:00.000Z,0.1,1.08,0.65,0.24,0.8,0.28,316
2019-12-10T00:00:00.000Z,0.18,2.84,0.6,0.42,1.09,0.562,409
2019-12-11T00:00:00.000Z,0.2,2.7,1.08,0.75,1.57,0.543,415
2019-12-12T00:00:00.000Z,0.1,57.25,9.31,0.52,11.11,5.961,494
2019-12-13T00:00:00.000Z,1.65,12.64,5.7,4.17,7.84,2.642,557
2019-12-14T00:00:00.000Z,0.82,9.98,2.96,1.85,5.3,2.404,399
2019-12-15T00:00:00.000Z,0.53,5.62,1.52,0.95,2.27,0.883,572
2019-12-16T00:00:00.000Z,0.46,2.48,0.92,0.74,1.67,0.537,289
2019-12-17T00:00:00.000Z,0.93,5.79,2.96,2.27,4.17,1.228,288
2019-12-18T00:00:00.000Z,0,2.24,0.66,0.4,0.93,0.481,468
2019-12-19T00:00:00.000Z,0.55,6.98,1.82,0.9,3.96,1.697,553
2019-12-20T00:00:00.000Z,3.73,17.76,10.73,7.8,13.02,3.166,574
2019-12-21T00:00:00.000Z,5.88,28.25,19.16,16.8,23.6,4.391,557
2019-12-22T00:00:00.000Z,0.94,27.48,3.25,2.7,3.98,2.039,566
2019-12-23T00:00:00.000Z,1.68,13.18,3.15,2.2,4.5,2.106,566
2019-12-24T00:00:00.000Z,3.44,12.22,4.8,4.12,7.09,1.74,580
2019-12-25T00:00:00.000Z,0.45,8.4,4.01,2.66,5.04,1.995,574
2019-12-26T00:00:00.000Z,0.55,8.18,1.35,0.93,1.72,0.719,537
2019-12-27T00:00:00.000Z,0.25,2.88,1.23,0.85,1.42,0.418,564
2019-12-28T00:00:00.000Z,0.7,23.05,1.8,1.13,2.35,1.837,583
2019-12-29T00:00:00.000Z,1.33,12.66,5.35,2.66,7.58,2.86,586
2019-12-30T00:00:00.000Z,0.42,8.64,2.46,1.88,3.22,1.406,574
2019-12-31T00:00:00.000Z,0,19.14,0.33,0.2,0.47,1.158,554
2020-01-01T00:00:00.000Z,0.2,2.64,0.65,0.5,1.32,0.562,567
2020-01-02T00:00:00.000Z,0.97,7.04,4.12,3.05,4.84,1.404,564
2020-01-03T00:00:00.000Z,0.05,3.72,0.5,0.3,0.83,0.658,547
2020-01-04T00:00:00.000Z,0.05,2.27,0.4,0.26,0.56,0.261,548
2020-01-05T00:00:00.000Z,0.26,5.09,0.64,0.5,0.85,0.404,530
2020-01-06T00:00:00.000Z,0.15,14.02,1.23,0.97,1.45,1.102,519
2020-01-07T00:00:00.000Z,0.05,9.8,2.12,0.35,3.74,1.804,503
2020-01-08T00:00:00.000Z,0.25,2.6,1.27,1.1,1.5,0.377,499
2020-01-09T00:00:00.000Z,1.02,5.32,1.68,1.45,2.24,0.769,519
2020-01-10T00:00:00.000Z,0.65,6.8,1.55,1.28,2.88,1.099,417
2020-01-11T00:00:00.000Z,0.25,329.21,1.22,0.85,1.5,20.317,517
2020-01-12T00:00:00.000Z,0,1.62,0.75,0.25,0.94,0.384,546
2020-01-13T00:00:00.000Z,0.55,3.82,1.13,0.96,1.35,0.34,483
2020-01-14T00:00:00.000Z,0.85,7.85,1.77,1.25,3.37,1.49,434
2020-01-15T00:00:00.000Z,0.05,8.68,0.82,0.6,1.32,1.127,460
2020-01-16T00:00:00.000Z,0.25,3.65,1.76,1.27,2.15,0.698,472
2020-01-17T00:00:00.000Z,0.97,13.82,4,1.49,9.44,4.082,453
2020-01-18T00:00:00.000Z,0.1,14.78,5.43,0.86,11.62,5.055,479
2020-01-19T00:00:00.000Z,0.15,2.65,0.4,0.35,0.5,0.271,447
2020-01-20T00:00:00.000Z,0.25,1.86,0.88,0.7,1.2,0.363,360
2020-01-21T00:00:00.000Z,0.05,2.54,0.8,0.4,1.68,0.687,460
2020-01-22T00:00:00.000Z,0.13,0.67,0.3,0.22,0.38,0.122,17
2020-01-23T00:00:00.000Z,0.35,1.11,0.59,0.5,0.7,0.163,86
2020-01-24T00:00:00.000Z,0.33,1.46,0.7,0.6,0.83,0.184,267
2020-01-25T00:00:00.000Z,0.16,6.25,0.45,0.34,0.8,0.585,300
2020-01-26T00:00:00.000Z,0.24,2.36,0.8,0.6,1.05,0.364,308
2020-01-27T00:00:00.000Z,1.53,9.82,3.84,2.73,5.03,1.95,257
2020-01-28T00:00:00.000Z,1.94,8.74,5.55,4.66,6.75,1.714,274
2020-01-29T00:00:00.000Z,0.45,7.01,2.65,1.1,3.8,1.45,307
2020-01-30T00:00:00.000Z,0.75,9.98,4.05,2.42,5.04,1.602,291
2020-01-31T00:00:00.000Z,0.1,5.82,1.33,0.54,2.65,1.176,285
2020-02-01T00:00:00.000Z,0,6.62,1.3,0.88,1.7,0.8,325
2020-02-02T00:00:00.000Z,0,3,0.25,0.15,0.38,0.296,337
2020-02-03T00:00:00.000Z,0,5.53,0.45,0.15,2.04,1.157,322
2020-02-04T00:00:00.000Z,0.34,3.3,1,0.75,1.4,0.5,260
2020-02-05T00:00:00.000Z,0.1,1.01,0.33,0.25,0.42,0.145,241
2020-02-06T00:00:00.000Z,0,5.03,0.65,0.2,1.56,1.085,238
2020-02-07T00:00:00.000Z,0.43,3.62,1.57,1.2,2.16,0.689,212
2020-02-08T00:00:00.000Z,0.3,8.17,1.6,0.76,2.29,1.058,199
2020-02-09T00:00:00.000Z,2.6,13.26,6.15,4.55,7.2,1.513,358
2020-02-10T00:00:00.000Z,0.1,3.46,0.75,0.6,0.97,0.663,375
2020-02-11T00:00:00.000Z,0.34,5.56,1.1,0.9,1.3,0.547,358
2020-02-12T00:00:00.000Z,0.13,1.98,0.5,0.35,1.28,0.529,373
2020-02-13T00:00:00.000Z,0.15,2.31,0.38,0.3,0.54,0.266,372
2020-02-14T00:00:00.000Z,0.32,9.58,1,0.65,1.5,0.884,383
2020-02-15T00:00:00.000Z,0.64,13.14,1.78,1.27,2.85,1.365,322
2020-02-16T00:00:00.000Z,0.13,8.6,1.81,0.85,2.77,1.982,376
2020-02-17T00:00:00.000Z,0.1,2.85,1.03,0.7,1.32,0.462,347
2020-02-18T00:00:00.000Z,0.4,2.37,1.4,0.95,1.83,0.516,305
2020-02-19T00:00:00.000Z,0.26,2.62,0.78,0.52,0.98,0.339,444
2020-02-20T00:00:00.000Z,0.24,4.88,0.9,0.7,1.42,0.986,486
2020-02-21T00:00:00.000Z,0.14,6.32,1.08,0.53,1.92,1.663,426
2020-02-22T00:00:00.000Z,0,1.82,0.34,0.12,0.65,0.321,452
2020-02-23T00:00:00.000Z,0.08,2,0.38,0.25,0.81,0.44,448
2020-02-24T00:00:00.000Z,0.1,7.5,0.6,0.42,1.1,0.694,527
2020-02-25T00:00:00.000Z,0.15,2.62,0.6,0.43,1.28,0.591,463
2020-02-26T00:00:00.000Z,0.13,1.66,0.3,0.25,0.38,0.154,409
2020-02-27T00:00:00.000Z,0.14,1.52,0.6,0.35,0.8,0.274,552
2020-02-28T00:00:00.000Z,0.3,2.86,0.63,0.5,0.88,0.488,555
2020-02-29T00:00:00.000Z,0.42,5.94,1.32,0.98,2.54,1.31,566
2020-03-01T00:00:00.000Z,0.45,10.36,1.2,0.95,1.58,1.475,566
2020-03-02T00:00:00.000Z,0.55,3.08,1.25,1.06,1.5,0.534,490
2020-03-03T00:00:00.000Z,1.08,8.57,3.5,2.84,4.84,1.544,407
2020-03-04T00:00:00.000Z,0.03,9.9,0.55,0.35,0.94,2.249,568
2020-03-05T00:00:00.000Z,0.25,6.25,0.68,0.56,0.9,0.878,565
2020-03-06T00:00:00.000Z,0.14,3.47,0.9,0.6,1.2,0.58,567
2020-03-07T00:00:00.000Z,1.2,10.03,4.43,3.41,5.22,1.541,576
2020-03-08T00:00:00.000Z,3.18,11.3,6.75,6.1,7.6,1.596,578
2020-03-09T00:00:00.000Z,0.53,9.06,4.2,1.98,6.4,2.344,571
2020-03-10T00:00:00.000Z,0.65,8.18,3.49,2.48,5.14,1.836,574
2020-03-11T00:00:00.000Z,0.04,3.57,1.32,0.4,1.88,0.896,577
2020-03-12T00:00:00.000Z,0.1,1.85,0.75,0.52,1.08,0.362,515
2020-03-13T00:00:00.000Z,0.05,1.46,0.36,0.25,0.53,0.21,534
2020-03-14T00:00:00.000Z,0,9.65,0.25,0.16,0.5,0.838,537
2020-03-15T00:00:00.000Z,1.12,3.15,2.08,1.72,2.4,0.471,290
2020-03-16T00:00:00.000Z,0.1,4.36,0.6,0.45,1.21,0.949,580
2020-03-17T00:00:00.000Z,0.4,2.22,0.93,0.68,1.42,0.469,576
2020-03-18T00:00:00.000Z,0.02,2.22,0.66,0.4,1.58,0.613,506
2020-03-19T00:00:00.000Z,0.18,9.52,0.64,0.49,0.8,0.928,564
2020-03-20T00:00:00.000Z,0.2,5.18,0.7,0.49,1.12,0.757,479
2020-03-21T00:00:00.000Z,0.1,12.04,0.4,0.3,0.57,0.861,495
2020-03-22T00:00:00.000Z,0.2,2.75,0.55,0.39,0.84,0.331,475
2020-03-23T00:00:00.000Z,0.25,2.4,0.6,0.4,0.77,0.298,472
2020-03-24T00:00:00.000Z,0.7,4.57,1.38,1.17,1.75,0.408,481
2020-03-25T00:00:00.000Z,1,4.45,2.38,2.04,2.95,0.666,469
2020-03-26T00:00:00.000Z,2.06,8.8,5,4.55,5.72,1.122,450
2020-03-27T00:00:00.000Z,3.72,7.08,5.53,4.9,5.88,0.681,407
2020-03-28T00:00:00.000Z,0.1,0.95,0.42,0.3,0.55,0.172,183
2020-03-29T00:00:00.000Z,0.05,2.65,0.3,0.22,0.45,0.354,300
2020-03-30T00:00:00.000Z,0.1,0.76,0.3,0.23,0.4,0.124,139
2020-03-31T00:00:00.000Z,0.15,2.4,0.4,0.3,0.5,0.207,310
2020-04-01T00:00:00.000Z,0.03,1.87,0.48,0.3,0.7,0.331,172
2020-04-02T00:00:00.000Z,0,2.35,0.69,0.46,1.05,0.429,396
2020-04-03T00:00:00.000Z,0.05,1.35,0.3,0.24,0.4,0.174,447
2020-04-04T00:00:00.000Z,0.15,9.57,0.36,0.3,0.53,0.646,517
2020-04-05T00:00:00.000Z,0.2,16.02,0.75,0.48,2.31,1.785,529
2020-04-06T00:00:00.000Z,1.45,9.93,3.75,2.72,5.79,2.045,476
2020-04-07T00:00:00.000Z,0.75,17.93,5.78,1.47,7.05,4.108,391
2020-04-08T00:00:00.000Z,0.86,2.48,1.35,1.21,1.54,0.294,435
2020-04-09T00:00:00.000Z,0.1,8.41,0.4,0.25,0.6,0.661,450
2020-04-10T00:00:00.000Z,0,2.04,0.2,0.13,0.42,0.38,499
2020-04-11T00:00:00.000Z,0.2,2.06,1.01,0.57,1.42,0.474,151
2020-04-12T00:00:00.000Z,0,7.98,1.25,0.74,2.78,1.882,591
2020-04-13T00:00:00.000Z,0,0.8,0.34,0.22,0.42,0.138,584
2020-04-14T00:00:00.000Z,0.1,2.92,0.45,0.27,0.57,0.26,570
2020-04-15T00:00:00.000Z,0,1.68,0.37,0.23,0.55,0.359,523
2020-04-16T00:00:00.000Z,0.05,1.21,0.28,0.2,0.43,0.185,510
2020-04-17T00:00:00.000Z,0.08,0.91,0.35,0.25,0.44,0.131,574
2020-04-18T00:00:00.000Z,0.05,1.98,0.4,0.3,0.51,0.275,582
2020-04-19T00:00:00.000Z,0.12,2.87,0.35,0.27,0.61,0.472,569
2020-04-20T00:00:00.000Z,0.2,1.14,0.5,0.4,0.6,0.161,513
2020-04-21T00:00:00.000Z,0.25,1.84,0.64,0.47,0.85,0.259,389
2020-04-22T00:00:00.000Z,0.3,10.84,0.57,0.46,0.72,0.546,426
2020-04-23T00:00:00.000Z,0.25,1.2,0.59,0.47,0.7,0.158,484
2020-04-24T00:00:00.000Z,0.05,1,0.22,0.15,0.38,0.165,552
2020-04-25T00:00:00.000Z,0.05,0.73,0.25,0.15,0.3,0.105,511
2020-04-26T00:00:00.000Z,0,2.96,0.57,0.4,0.83,0.407,563
2020-04-27T00:00:00.000Z,0.26,2.48,0.7,0.55,1.14,0.566,538
2020-04-28T00:00:00.000Z,0.25,1.45,0.64,0.45,0.85,0.269,408
2020-04-29T00:00:00.000Z,0.32,6.18,0.82,0.7,1.15,0.561,518
2020-04-30T00:00:00.000Z,0.75,4.3,1.85,1.38,2.35,0.763,542
2020-05-01T00:00:00.000Z,1.03,7.48,3.07,2.24,5.93,1.873,556
2020-05-02T00:00:00.000Z,0.23,5.76,0.63,0.5,0.95,1.107,542
2020-05-03T00:00:00.000Z,0.2,4.43,0.82,0.6,1.34,0.556,571
2020-05-04T00:00:00.000Z,0.15,2.42,0.54,0.4,0.79,0.551,536
2020-05-05T00:00:00.000Z,0.13,2.2,0.4,0.3,0.9,0.497,500
2020-05-06T00:00:00.000Z,0.15,2.16,0.55,0.43,0.72,0.32,588
2020-05-07T00:00:00.000Z,0.15,3.74,0.48,0.35,0.6,0.478,383
2020-05-08T00:00:00.000Z,0.5,2.63,1.32,0.9,1.89,0.546,352
2020-05-09T00:00:00.000Z,0.1,1.92,0.38,0.24,0.5,0.27,339
2020-05-10T00:00:00.000Z,0.2,5.14,1.62,1.1,3.06,1.315,251
2020-05-11T00:00:00.000Z,0.05,0.72,0.3,0.2,0.4,0.123,351
2020-05-12T00:00:00.000Z,0.05,2.33,0.3,0.2,0.42,0.364,461
2020-05-13T00:00:00.000Z,0,1.38,0.33,0.2,0.5,0.264,468
2020-05-14T00:00:00.000Z,0.15,2.13,0.46,0.36,0.65,0.29,455
2020-05-15T00:00:00.000Z,0.1,1.1,0.4,0.3,0.51,0.161,532
2020-05-16T00:00:00.000Z,0.08,9.35,0.35,0.3,0.45,0.852,336
2020-05-17T00:00:00.000Z,0,1,0.25,0.14,0.5,0.235,540
2020-05-18T00:00:00.000Z,0,1.32,0.2,0.1,0.36,0.278,471
2020-05-19T00:00:00.000Z,0.15,2.13,0.46,0.35,0.7,0.41,546
2020-05-20T00:00:00.000Z,0.2,1.9,0.45,0.37,0.6,0.202,555
2020-05-21T00:00:00.000Z,0.2,1.75,0.68,0.45,0.95,0.331,514
2020-05-22T00:00:00.000Z,0.25,1.95,1.2,0.88,1.46,0.371,551
2020-05-23T00:00:00.000Z,0.3,11.87,1.1,0.7,1.99,1.172,500
2020-05-24T00:00:00.000Z,0.5,4.47,1.87,1.3,2.42,0.842,544
2020-05-25T00:00:00.000Z,0.5,4.83,1.4,1.1,2.04,0.871,544
2020-05-26T00:00:00.000Z,0.3,2.93,1.1,0.85,1.37,0.451,504
2020-05-27T00:00:00.000Z,0.6,3.4,1.1,0.9,1.4,0.361,535
2020-05-28T00:00:00.000Z,0,2.1,0.4,0.3,0.73,0.409,548
2020-05-29T00:00:00.000Z,0.2,1.9,0.47,0.4,0.9,0.341,549
2020-05-30T00:00:00.000Z,0,1.37,0.3,0.2,0.43,0.255,564
2020-05-31T00:00:00.000Z,0,1.75,0.2,0.2,0.3,0.143,501
2020-06-01T00:00:00.000Z,0.1,9.07,0.7,0.52,1,0.66,470
2020-06-02T00:00:00.000Z,0.37,2.6,0.9,0.7,1.1,0.379,538
2020-06-03T00:00:00.000Z,0.5,4.2,1.2,0.9,1.9,0.757,454
2020-06-04T00:00:00.000Z,0.93,4.03,2.2,1.63,2.8,0.76,542
2020-06-05T00:00:00.000Z,1.53,4.87,2.8,2.29,3.3,0.672,446
2020-06-06T00:00:00.000Z,0.1,3.93,0.8,0.47,1.5,0.934,489
2020-06-07T00:00:00.000Z,0.3,2.47,0.8,0.7,1,0.258,551
2020-06-08T00:00:00.000Z,0.4,2.13,1,0.8,1.5,0.411,542
2020-06-09T00:00:00.000Z,0.5,3.4,1.2,0.98,1.87,0.67,499
2020-06-10T00:00:00.000Z,0.2,1.35,0.4,0.3,0.5,0.143,539
2020-06-11T00:00:00.000Z,0.1,4.7,0.4,0.3,0.5,0.263,564
2020-06-12T00:00:00.000Z,0.4,2.43,1.33,1.12,1.62,0.408,573
2020-06-13T00:00:00.000Z,0.4,3.3,0.9,0.73,1.2,0.398,547
2020-06-14T00:00:00.000Z,0.3,3.63,0.95,0.6,1.2,0.427,339
2020-06-15T00:00:00.000Z,0.52,2.78,1.1,0.9,1.3,0.334,564
2020-06-16T00:00:00.000Z,0.93,4.3,1.92,1.43,3,0.874,568
2020-06-17T00:00:00.000Z,1.45,7.73,2.89,2.29,3.57,1.039,548
2020-06-18T00:00:00.000Z,1.73,5.87,2.77,2.4,3.2,0.784,501
2020-06-19T00:00:00.000Z,1.27,5.63,2.83,2.12,3.35,0.952,487
2020-06-20T00:00:00.000Z,0.56,6.53,3.6,1.9,4.67,1.608,579
2020-06-21T00:00:00.000Z,0.5,2.23,1.23,1,1.43,0.328,583
2020-06-22T00:00:00.000Z,0.8,2.25,1.37,1.19,1.5,0.246,552
2020-06-23T00:00:00.000Z,0.8,4.59,1.7,1.5,1.9,0.418,568
2020-06-24T00:00:00.000Z,1.6,5.17,2.35,2.12,2.6,0.409,586
2020-06-25T00:00:00.000Z,1,9.69,2.9,2,3.39,0.805,565
2020-06-26T00:00:00.000Z,1.6,5.27,2.6,2.29,2.87,0.627,560
2020-06-27T00:00:00.000Z,2.1,5.33,3,2.69,3.7,0.833,520
2020-06-28T00:00:00.000Z,3,6.87,4.07,3.77,4.5,0.675,447
2020-06-29T00:00:00.000Z,0.5,7.8,1.67,0.9,3.5,1.821,482
2020-06-30T00:00:00.000Z,0.2,2.47,1,0.8,1.3,0.469,471
2020-07-01T00:00:00.000Z,0.3,1.4,0.77,0.6,0.9,0.2,458
2020-07-02T00:00:00.000Z,0.2,2.13,0.77,0.6,0.9,0.279,455
2020-07-03T00:00:00.000Z,0.1,5.23,0.4,0.3,0.6,0.399,470
2020-07-04T00:00:00.000Z,0.1,1.37,0.6,0.4,0.77,0.241,491
2020-07-05T00:00:00.000Z,0.37,5.47,0.97,0.7,1.4,0.808,471
2020-07-06T00:00:00.000Z,0.2,1.5,0.6,0.43,0.7,0.187,279
2020-07-07T00:00:00.000Z,0,0.7,0.23,0.2,0.3,0.117,427
2020-07-08T00:00:00.000Z,0.07,2.97,0.3,0.2,0.37,0.182,440
2020-07-09T00:00:00.000Z,0.1,1.2,0.27,0.2,0.4,0.162,476
2020-07-10T00:00:00.000Z,0.3,1.9,0.73,0.6,0.9,0.26,416
2020-07-11T00:00:00.000Z,0.2,2.1,0.73,0.5,1.1,0.436,329
2020-07-12T00:00:00.000Z,0.1,0.9,0.4,0.3,0.5,0.132,399
2020-07-13T00:00:00.000Z,0.1,2.04,0.53,0.4,0.82,0.383,389
2020-07-14T00:00:00.000Z,0.6,2.06,1.2,1,1.39,0.255,437
2020-07-15T00:00:00.000Z,0.7,3.23,1.23,1,1.95,0.589,353
2020-07-16T00:00:00.000Z,0.8,6.33,1.7,1.29,4,1.501,320
2020-07-17T00:00:00.000Z,0.6,3.9,1.2,1,1.37,0.293,487
2020-07-18T00:00:00.000Z,0.7,5.57,1.3,1.1,1.7,0.671,455
2020-07-19T00:00:00.000Z,0.8,4.9,3.4,1.54,4,1.242,156
2020-07-20T00:00:00.000Z,0.5,9.63,1.85,1.2,2.87,1.403,168
2020-07-21T00:00:00.000Z,0,1.17,0.39,0.2,0.6,0.222,266
2020-07-22T00:00:00.000Z,0,0.7,0.1,0.1,0.2,0.106,272
2020-07-23T00:00:00.000Z,0,0.83,0.1,0.03,0.1,0.08,305
2020-07-24T00:00:00.000Z,0,0.93,0.2,0.1,0.2,0.106,389
2020-07-25T00:00:00.000Z,0,1.77,0.1,0.1,1.12,0.577,83
2020-07-26T00:00:00.000Z,0.2,1.7,0.6,0.4,1.1,0.365,450
2020-07-27T00:00:00.000Z,0.85,3.33,1.8,1.32,2.2,0.529,281
2020-07-28T00:00:00.000Z,0.77,6.67,1.93,1.33,3.5,1.423,428
2020-07-29T00:00:00.000Z,0.2,2,0.73,0.5,1.37,0.458,335
2020-07-30T00:00:00.000Z,0.3,4.4,0.9,0.6,1.6,0.899,374
2020-07-31T00:00:00.000Z,0.5,4.23,1.9,1,2.7,1.008,364
2020-08-01T00:00:00.000Z,1.1,4.83,2,1.54,3.6,1.127,364
2020-08-02T00:00:00.000Z,0.5,3.73,2,1.4,2.93,0.85,331
2020-08-03T00:00:00.000Z,0.2,30.57,0.83,0.4,1.3,1.671,349
2020-08-04T00:00:00.000Z,0,1.1,0.2,0.1,0.4,0.192,405
2020-08-05T00:00:00.000Z,0.2,1.5,0.6,0.5,0.8,0.235,435
2020-08-06T00:00:00.000Z,0.62,4.4,1.27,1,1.72,0.824,341
2020-08-07T00:00:00.000Z,0.3,4.26,1.73,1.33,2.74,0.984,432
2020-08-08T00:00:00.000Z,0.6,14.47,1.5,0.98,2.6,1.875,380
2020-08-09T00:00:00.000Z,0.37,5.17,1.1,0.75,2.54,1.318,445
2020-08-10T00:00:00.000Z,0.25,29.33,0.56,0.43,0.7,1.391,435
2020-08-11T00:00:00.000Z,0.3,24.37,0.8,0.56,1,1.387,445
2020-08-12T00:00:00.000Z,0.6,364.93,1.08,0.9,1.2,17.122,451
2020-08-13T00:00:00.000Z,1.1,6.33,2.45,2.16,3.03,0.798,448
2020-08-14T00:00:00.000Z,1.73,6.8,3.24,2.64,4.26,1.09,384
2020-08-15T00:00:00.000Z,1.9,5.83,4.07,2.7,4.63,1.024,462
2020-08-16T00:00:00.000Z,0.33,8.02,4.09,0.68,5.77,2.45,463
2020-08-17T00:00:00.000Z,0.6,6.1,3.08,2.02,3.72,1.192,467
2020-08-18T00:00:00.000Z,1.5,7.43,3.1,2.4,3.75,1.058,447
2020-08-19T00:00:00.000Z,1.2,7.67,2.92,2.12,3.42,1.169,447
2020-08-20T00:00:00.000Z,1.08,9.8,1.75,1.47,2.06,0.776,463
2020-08-21T00:00:00.000Z,1.45,8.02,2.9,2.29,4.59,1.692,442
2020-08-22T00:00:00.000Z,0.7,7.6,2.4,1.2,3.34,1.246,417
2020-08-23T00:00:00.000Z,0.53,2.29,0.97,0.8,1.3,0.369,405
2020-08-24T00:00:00.000Z,0.1,2.57,0.4,0.2,1.2,0.538,340
2020-08-25T00:00:00.000Z,0,1.37,0.3,0.2,0.33,0.141,385
2020-08-26T00:00:00.000Z,0.1,2.06,0.3,0.23,0.43,0.197,399
2020-08-27T00:00:00.000Z,0.1,2.02,0.3,0.2,0.4,0.165,464
2020-08-28T00:00:00.000Z,0.1,5.33,0.4,0.3,0.7,0.468,398
2020-08-29T00:00:00.000Z,0.2,1.9,1.02,0.83,1.2,0.352,418
2020-08-30T00:00:00.000Z,0.47,2.73,1.03,0.77,1.35,0.518,405
2020-08-31T00:00:00.000Z,0,2.17,0.4,0.2,0.8,0.48,389
2020-09-01T00:00:00.000Z,0.3,2.29,1.03,0.7,1.6,0.51,354
2020-09-02T00:00:00.000Z,0.4,7.63,1.7,1,2.06,0.71,472
2020-09-03T00:00:00.000Z,1.3,7.07,3.93,3.2,4.76,1.256,467
2020-09-04T00:00:00.000Z,0.56,3.7,1.35,1.07,2.67,0.868,480
2020-09-05T00:00:00.000Z,0.27,15.33,1,0.6,1.37,1.415,475
2020-09-06T00:00:00.000Z,0.1,1.7,0.5,0.37,0.7,0.265,471
2020-09-07T00:00:00.000Z,0.1,5.09,0.33,0.27,0.5,0.321,438
2020-09-08T00:00:00.000Z,0.1,2.29,0.43,0.33,0.6,0.3,379
2020-09-09T00:00:00.000Z,0,3.03,1.47,0.6,1.73,0.682,406
2020-09-10T00:00:00.000Z,0,1.37,0.17,0.1,0.2,0.145,344
2020-09-11T00:00:00.000Z,0,2.37,0.5,0.3,0.9,0.441,310
2020-09-12T00:00:00.000Z,0.7,31.33,2.25,1.9,2.57,1.991,296
2020-09-13T00:00:00.000Z,0.27,2.29,1.2,0.82,1.43,0.425,360
2020-09-14T00:00:00.000Z,0.2,2.43,1.47,0.7,1.7,0.558,286
2020-09-15T00:00:00.000Z,1.2,5.93,3.43,2.8,3.83,0.798,247
2020-09-16T00:00:00.000Z,0,0.2,0.1,0.1,0.1,0.055,38
2020-09-17T00:00:00.000Z,0,1.23,0.2,0.2,0.3,0.208,152
2020-09-18T00:00:00.000Z,0.1,1.4,0.56,0.4,0.7,0.193,326
2020-09-19T00:00:00.000Z,0.2,7.2,0.5,0.4,0.8,1.191,309
2020-09-20T00:00:00.000Z,0.6,3,1.7,1.47,1.97,0.423,237
2020-09-21T00:00:00.000Z,1.03,2.67,1.79,1.49,2.1,0.378,224
2020-09-22T00:00:00.000Z,0.77,4.67,1.3,1.1,2.42,1.048,341
2020-09-23T00:00:00.000Z,2.6,21.27,6.17,4.4,9.32,4.824,448
2020-09-24T00:00:00.000Z,2.33,32.77,13.32,6.03,18,7.506,466
2020-09-25T00:00:00.000Z,0.67,6.5,2.43,1.67,2.93,1.07,350
2020-09-26T00:00:00.000Z,5.93,15.97,12.4,11.33,13,1.319,279
2020-09-27T00:00:00.000Z,5.09,18.17,14.05,10.87,16.47,2.875,230
2020-09-28T00:00:00.000Z,3.87,12.07,8.82,4.79,10.5,2.821,272
2020-09-29T00:00:00.000Z,1.2,8.57,4,3.1,5.4,1.44,263
2020-09-30T00:00:00.000Z,1.2,13.57,5.33,3.24,6.8,2.741,393
2020-10-01T00:00:00.000Z,2.37,9.83,5.77,4.22,6.63,1.612,301
2020-10-02T00:00:00.000Z,5.9,14.63,10.63,9.07,11.53,1.636,258
2020-10-03T00:00:00.000Z,5.53,20.5,12.2,8.9,15.5,3.902,255
2020-10-04T00:00:00.000Z,11.2,20.13,15.43,13.6,17.29,2.163,317
2020-10-05T00:00:00.000Z,0.3,13.1,1.82,0.65,4.65,2.631,320
2020-10-06T00:00:00.000Z,1.3,18.03,3.1,2.45,8.44,5.084,337
2020-10-07T00:00:00.000Z,1.07,4,2.2,1.7,2.6,0.587,333
2020-10-08T00:00:00.000Z,0.53,2.9,1.2,0.9,1.7,0.501,315
2020-10-09T00:00:00.000Z,0.2,4.53,0.77,0.5,1.2,0.767,345
2020-10-10T00:00:00.000Z,0.3,3.87,1.2,0.87,1.8,0.786,418
2020-10-11T00:00:00.000Z,0.1,3.2,0.6,0.4,0.9,0.411,428
2020-10-12T00:00:00.000Z,0,5.23,0.2,0.1,0.4,0.387,344
2020-10-13T00:00:00.000Z,0.1,1.1,0.33,0.23,0.5,0.16,403
2020-10-14T00:00:00.000Z,0.1,0.9,0.27,0.2,0.33,0.141,391
2020-10-15T00:00:00.000Z,0,3,0.3,0.23,0.4,0.221,402
2020-10-16T00:00:00.000Z,0,7.23,0.3,0.2,2.52,1.475,415
2020-10-17T00:00:00.000Z,0.03,14.13,0.4,0.2,0.6,0.978,421
2020-10-18T00:00:00.000Z,0,1.07,0.2,0.1,0.2,0.127,433
2020-10-19T00:00:00.000Z,0,2.87,0.2,0.1,0.4,0.333,432
2020-10-20T00:00:00.000Z,0.2,8.07,0.9,0.53,1.7,1.681,443
2020-10-21T00:00:00.000Z,6.8,16.85,11.2,8.93,13.27,2.527,426
2020-10-22T00:00:00.000Z,0.2,15.05,1.5,0.6,3.8,3.099,416
2020-10-23T00:00:00.000Z,0,8.77,0.95,0.3,2.65,1.549,404
2020-10-24T00:00:00.000Z,0.87,4.83,1.8,1.35,2.6,0.912,425
2020-10-25T00:00:00.000Z,0.37,7.13,4.03,1.5,5.4,2.041,467
2020-10-26T00:00:00.000Z,0.67,18,3.79,1.5,6.7,5.087,466
2020-10-27T00:00:00.000Z,0.7,18.97,2.29,1.7,4.83,4.926,440
2020-10-28T00:00:00.000Z,1.1,5.57,2.7,2,3.43,0.948,462
2020-10-29T00:00:00.000Z,1.37,10.43,3.33,2.6,5.85,2.343,461
2020-10-30T00:00:00.000Z,1.83,10.19,3.57,2.95,4.23,1.27,472
2020-10-31T00:00:00.000Z,1.3,13.37,3.7,2.9,5.5,2.286,478
2020-11-01T00:00:00.000Z,0.77,12.5,4.79,2.06,7.4,3.103,484
2020-11-02T00:00:00.000Z,0.1,11.43,2.5,1.1,4.17,2.61,449
2020-11-03T00:00:00.000Z,0.3,13.67,0.73,0.6,0.97,1.393,453
2020-11-04T00:00:00.000Z,0.47,15.07,1.33,1.1,1.6,1.004,341
2020-11-05T00:00:00.000Z,0.1,3.97,0.5,0.4,0.73,0.376,305
2020-11-06T00:00:00.000Z,0.1,7.7,0.43,0.3,0.87,0.654,334
2020-11-07T00:00:00.000Z,0.2,3.77,1,0.7,1.67,0.633,391
2020-11-08T00:00:00.000Z,0.3,8.02,0.73,0.6,2,1.545,352
2020-11-09T00:00:00.000Z,0.56,5.47,1.3,0.9,2.02,0.852,288
2020-11-10T00:00:00.000Z,1.3,4.97,2.2,1.9,2.62,0.572,324
2020-11-11T00:00:00.000Z,1.37,12.27,4.33,2.8,7.9,2.735,343
2020-11-12T00:00:00.000Z,7.83,18.82,11.05,9.18,14.99,3.226,288
2020-11-13T00:00:00.000Z,3.2,17.73,6.95,5.83,8.73,2.435,310
2020-11-14T00:00:00.000Z,1.8,13.8,5.23,3.7,6.79,1.872,337
2020-11-15T00:00:00.000Z,4.09,26.4,8.47,6.07,13.3,4.9,287
2020-11-16T00:00:00.000Z,2.23,23.2,10.13,7,16.93,6.233,282
2020-11-17T00:00:00.000Z,0.3,7.03,1.12,0.8,1.7,0.669,313
2020-11-18T00:00:00.000Z,0,5.03,0.63,0.2,1.1,0.619,371
2020-11-19T00:00:00.000Z,0,3.37,0.63,0.2,1.6,0.881,371
2020-11-20T00:00:00.000Z,0,4.59,0.27,0.13,0.5,0.603,367
2020-11-21T00:00:00.000Z,0.1,7.17,0.6,0.3,1,0.798,312
2020-11-22T00:00:00.000Z,0,2.02,0.77,0.5,0.97,0.351,307
2020-11-23T00:00:00.000Z,0,0.6,0.17,0.1,0.2,0.114,270
2020-11-24T00:00:00.000Z,0.1,6.6,1.1,0.4,1.7,1.179,284
2020-11-25T00:00:00.000Z,0.4,7.67,2.5,1.89,3,1.1,301
2020-11-26T00:00:00.000Z,0.2,7.7,2.83,0.7,5.5,2.384,287
2020-11-27T00:00:00.000Z,0,1.57,0.5,0.3,0.7,0.273,273
2020-11-28T00:00:00.000Z,0.47,3.03,1.5,1,2,0.585,284
2020-11-29T00:00:00.000Z,1.17,4.57,2.37,2.02,2.85,0.702,285
2020-11-30T00:00:00.000Z,0.47,11.03,2.7,1.12,3.87,1.851,244
2020-12-01T00:00:00.000Z,1.2,8.8,2.5,1.9,3.5,1.463,218
2020-12-02T00:00:00.000Z,0.97,9.86,4.63,2.6,5.97,2.113,230
2020-12-03T00:00:00.000Z,2.29,9.07,4.93,4.17,6.27,1.346,239
2020-12-04T00:00:00.000Z,0.6,10.07,2.93,1.7,4.97,2.019,266
2020-12-05T00:00:00.000Z,5.43,16.82,13.3,12.07,14.6,2.944,252
2020-12-06T00:00:00.000Z,5.63,18.77,12.9,7.73,15.32,4.035,341
2020-12-07T00:00:00.000Z,2.23,10.97,3.51,2.97,6.03,2.42,290
2020-12-08T00:00:00.000Z,2.1,6.8,4.09,3.6,5.07,0.947,282
2020-12-09T00:00:00.000Z,2.7,8.77,5.27,3.7,6.47,1.49,250
2020-12-10T00:00:00.000Z,2.93,9.55,5.92,4.23,6.87,1.479,262
2020-12-11T00:00:00.000Z,1.9,12.7,5.27,4.59,7.12,2.406,317
2020-12-12T00:00:00.000Z,3.4,13.27,7.93,5.97,9.5,2.221,310
2020-12-13T00:00:00.000Z,1.3,13.83,4.57,3.1,10.47,3.691,302
2020-12-14T00:00:00.000Z,1.87,6.33,3.3,2.85,3.75,0.856,288
2020-12-15T00:00:00.000Z,2.29,10.37,6.65,4.26,8.02,2.061,308
2020-12-16T00:00:00.000Z,0.03,8.33,0.99,0.5,2,1.911,310
2020-12-17T00:00:00.000Z,1.2,5.43,2.93,2.06,3.7,0.954,275
2020-12-18T00:00:00.000Z,0,29.97,1.37,0.23,2.5,2.122,304
2020-12-19T00:00:00.000Z,2.5,12.27,5.27,4.4,6.1,1.369,287
2020-12-20T00:00:00.000Z,2.02,19.85,7.37,5.55,10.25,3.414,301
2020-12-21T00:00:00.000Z,1.2,4.28,2.37,2,2.8,0.588,298
2020-12-22T00:00:00.000Z,0.3,6.2,2.4,1.93,3.2,1.211,282
2020-12-23T00:00:00.000Z,0.1,11.1,0.5,0.37,0.67,0.986,303
2020-12-24T00:00:00.000Z,0.1,1,0.4,0.3,0.49,0.146,277
2020-12-25T00:00:00.000Z,0,1.1,0.3,0.2,0.5,0.231,304
2020-12-26T00:00:00.000Z,0,11.57,0.9,0.7,1.5,1.781,296
2020-12-27T00:00:00.000Z,0.3,4.4,2,1.21,2.57,0.894,304
2020-12-28T00:00:00.000Z,0.4,5.5,3.6,2.9,4.3,1.111,294
2020-12-29T00:00:00.000Z,0.67,7.03,2.99,1.7,5.04,1.833,288
2020-12-30T00:00:00.000Z,0.2,7.4,1.33,0.6,4.59,2.205,292
2020-12-31T00:00:00.000Z,1,116.13,2.52,1.9,4.57,14.011,307
2021-01-01T00:00:00.000Z,1,85.43,6.12,2.73,20.57,16.506,294
2021-01-02T00:00:00.000Z,0.7,5.47,2.33,1.83,3.33,1.039,271
2021-01-03T00:00:00.000Z,0.1,1.27,0.7,0.47,0.9,0.266,254
2021-01-04T00:00:00.000Z,0.4,2.97,2.02,1.17,2.29,0.721,246
2021-01-05T00:00:00.000Z,0.2,2.5,1.4,0.97,1.67,0.495,259
2021-01-06T00:00:00.000Z,0.37,2.29,1.43,1.17,1.72,0.405,253
2021-01-07T00:00:00.000Z,0.8,4,1.83,1.57,2.17,0.598,261
2021-01-08T00:00:00.000Z,1.4,5.97,2.43,2.02,4.59,1.355,283
2021-01-09T00:00:00.000Z,2.43,15.1,4.3,3.5,4.9,2.291,289
2021-01-10T00:00:00.000Z,0.33,5.13,1.33,0.9,1.7,0.639,279
2021-01-11T00:00:00.000Z,0.03,5.77,0.83,0.37,1.23,1.089,260
2021-01-12T00:00:00.000Z,0,2.77,0.4,0.2,1.2,0.584,271
2021-01-13T00:00:00.000Z,0.1,6.63,2.45,0.6,3.23,1.45,262
2021-01-14T00:00:00.000Z,0.2,8.3,2.33,1,3.1,1.732,259
2021-01-15T00:00:00.000Z,0,1.43,0.6,0.4,0.77,0.282,283
2021-01-16T00:00:00.000Z,0,3,0.93,0.6,1.62,0.675,257
2021-01-17T00:00:00.000Z,0.23,5.07,1.29,0.93,1.67,0.7,238
2021-01-18T00:00:00.000Z,0.7,16.82,2.1,1.4,2.7,1.273,231
2021-01-19T00:00:00.000Z,2.7,9.86,5.93,4.34,6.87,1.604,213
2021-01-20T00:00:00.000Z,3.6,18,8.93,5.67,13.2,3.908,263
2021-01-21T00:00:00.000Z,0.67,11.23,2.97,1.5,5.53,2.784,240
2021-01-22T00:00:00.000Z,0,5.8,1.19,0.83,1.63,1.076,258
2021-01-23T00:00:00.000Z,0.1,10.67,1,0.6,1.63,1.327,259
2021-01-24T00:00:00.000Z,0.67,7.97,2.1,1.73,3.33,1.247,278
2021-01-25T00:00:00.000Z,0,1.43,0.43,0.27,0.6,0.249,241
2021-01-26T00:00:00.000Z,0,1.8,0.3,0.13,0.5,0.264,261
2021-01-27T00:00:00.000Z,0,4.03,0.5,0.2,1.1,0.798,236
2021-01-28T00:00:00.000Z,0.7,2.83,1.5,1.19,1.85,0.481,280
2021-01-29T00:00:00.000Z,0.97,3.13,1.93,1.6,2.27,0.426,221
2021-01-30T00:00:00.000Z,0.07,4.67,0.63,0.4,0.9,0.573,259
2021-01-31T00:00:00.000Z,0,4.47,0.6,0.3,1.23,0.74,268
2021-02-01T00:00:00.000Z,0.3,4.9,1.8,0.99,2.79,1.058,216
2021-02-02T00:00:00.000Z,0.2,5.2,1.7,0.87,2.73,1.056,238
2021-02-03T00:00:00.000Z,0.97,2.43,1.63,1.4,1.85,0.296,140
2021-02-04T00:00:00.000Z,0.1,2.13,0.7,0.47,0.97,0.371,267
2021-02-05T00:00:00.000Z,0,2.67,1.33,0.9,1.77,0.591,238
2021-02-06T00:00:00.000Z,0,1.43,0.5,0.33,0.67,0.269,240
2021-02-07T00:00:00.000Z,0.1,4.83,0.5,0.33,0.7,0.491,239
2021-02-08T00:00:00.000Z,0.1,1.67,0.4,0.3,0.56,0.206,258
2021-02-09T00:00:00.000Z,0,1.47,0.43,0.3,0.6,0.272,241
2021-02-10T00:00:00.000Z,0.07,1.73,0.6,0.4,0.8,0.293,244
2021-02-11T00:00:00.000Z,0,2,0.4,0.23,0.6,0.276,229
2021-02-12T00:00:00.000Z,0,1.7,0.3,0.1,0.53,0.29,263
2021-02-13T00:00:00.000Z,0,1.8,0.1,0.1,0.27,0.2,251
2021-02-14T00:00:00.000Z,0,7.33,0.2,0.1,0.4,0.641,238
2021-02-15T00:00:00.000Z,0.37,7.57,1.1,0.8,1.63,0.987,242
2021-02-16T00:00:00.000Z,0.3,2.29,1.33,0.9,1.6,0.422,230
2021-02-17T00:00:00.000Z,0.1,1.2,0.5,0.4,0.63,0.194,231
2021-02-18T00:00:00.000Z,0.2,5.23,1.03,0.6,1.5,1.124,272
2021-02-19T00:00:00.000Z,4.2,27.07,11.63,8.33,19.17,6.175,227
2021-02-20T00:00:00.000Z,1.77,9.77,3.3,2.8,4.33,1.559,247
2021-02-21T00:00:00.000Z,2.67,9.5,5.33,3.73,6.27,1.441,258
2021-02-22T00:00:00.000Z,3.43,10.13,6.35,4.51,7.35,1.678,216
2021-02-23T00:00:00.000Z,3.6,20.07,7.37,6.2,12.27,4.299,229
2021-02-24T00:00:00.000Z,1.43,15.07,5.6,3.99,10.9,3.948,237
2021-02-25T00:00:00.000Z,0.4,5.63,2,1.4,2.83,0.993,230
2021-02-26T00:00:00.000Z,0,1.8,0.4,0.2,0.92,0.468,213
2021-02-27T00:00:00.000Z,0,3.33,0.3,0.1,0.7,0.515,254
2021-02-28T00:00:00.000Z,0,3.57,0.6,0.4,1.57,0.725,263
2021-03-01T00:00:00.000Z,0.1,3.4,0.87,0.6,1.12,0.407,235
2021-03-02T00:00:00.000Z,0,8.97,0.6,0.3,1.43,0.994,250
2021-03-03T00:00:00.000Z,0.2,3.1,1,0.67,1.5,0.55,219
2021-03-04T00:00:00.000Z,0,3.7,0.47,0.3,1,0.695,231
2021-03-05T00:00:00.000Z,0,16.89,0.4,0.2,0.9,1.489,247
2021-03-06T00:00:00.000Z,0,1.17,0.2,0.1,0.3,0.19,240
2021-03-07T00:00:00.000Z,0,1,0.2,0.1,0.3,0.171,266
2021-03-08T00:00:00.000Z,0,7.03,0.47,0.3,0.7,0.753,245
2021-03-09T00:00:00.000Z,0.03,3.23,0.5,0.3,1.37,0.793,250
2021-03-10T00:00:00.000Z,0.9,2.93,1.6,1.37,1.83,0.366,230
2021-03-11T00:00:00.000Z,0.4,16.3,3.8,1.33,7.5,3.855,241
2021-03-12T00:00:00.000Z,0.13,15.6,1.3,0.77,8.43,5.144,246
2021-03-13T00:00:00.000Z,0.6,5.2,1.43,1.1,2.23,0.935,254
2021-03-14T00:00:00.000Z,0.1,5,1.8,1.2,2.29,0.892,245
2021-03-15T00:00:00.000Z,0.67,5.4,1.57,1.17,2.5,1.01,218
2021-03-16T00:00:00.000Z,0.2,20.43,3.09,0.8,5.17,2.496,230
2021-03-17T00:00:00.000Z,0.6,5.47,1.27,0.97,1.6,0.914,251
2021-03-18T00:00:00.000Z,0.07,1.93,0.53,0.4,0.8,0.35,235
2021-03-19T00:00:00.000Z,0.1,9.52,0.5,0.33,0.83,0.837,226
2021-03-20T00:00:00.000Z,0.1,4.2,0.67,0.4,1.1,0.581,229
2021-03-21T00:00:00.000Z,0,1,0.2,0.1,0.3,0.186,210
2021-03-22T00:00:00.000Z,0,4.8,0.3,0.1,0.47,0.451,229
2021-03-23T00:00:00.000Z,0.1,6.7,0.5,0.4,0.7,0.508,291
2021-03-24T00:00:00.000Z,0.97,20.93,2.52,2,2.9,1.549,180
2021-03-25T00:00:00.000Z,0.47,5,1.2,0.87,1.57,0.792,211
2021-03-26T00:00:00.000Z,0.9,14.47,4,2.85,7.87,3.832,173
2021-03-27T00:00:00.000Z,1.4,36.53,14.93,10.4,25.12,9.07,169
2021-03-28T00:00:00.000Z,0,21.83,1.2,0.45,2.17,4.868,121
2021-03-29T00:00:00.000Z,0.1,4.17,0.9,0.32,2.59,1.212,197
2021-03-30T00:00:00.000Z,0.2,2.06,1,0.63,1.3,0.411,217
2021-03-31T00:00:00.000Z,0.1,4.47,0.62,0.4,1.63,0.75,194
2021-04-01T00:00:00.000Z,0,3.4,0.3,0.2,0.4,0.312,172
2021-04-02T00:00:00.000Z,0,0.83,0.3,0.2,0.4,0.148,198
2021-04-03T00:00:00.000Z,0,2.27,0.25,0.2,0.4,0.283,214
2021-04-04T00:00:00.000Z,0.27,2.63,0.87,0.5,1.6,0.593,195
2021-04-05T00:00:00.000Z,0,1.5,0.23,0.19,0.4,0.263,141
2021-04-06T00:00:00.000Z,0,0.8,0.1,0.07,0.2,0.108,238
2021-04-07T00:00:00.000Z,0,3.07,0.47,0.27,0.8,0.463,165
2021-04-08T00:00:00.000Z,0,1.87,0.43,0.3,0.73,0.398,186
2021-04-09T00:00:00.000Z,0,1.2,0.5,0.3,0.67,0.24,187
2021-04-10T00:00:00.000Z,0,1,0.3,0.2,0.49,0.199,169
2021-04-11T00:00:00.000Z,0.1,1.4,0.5,0.4,0.6,0.231,99
2021-04-12T00:00:00.000Z,0.2,5.7,1.2,0.47,2.67,1.525,98
2021-04-13T00:00:00.000Z,0.1,2.52,0.4,0.3,0.5,0.244,125
2021-04-14T00:00:00.000Z,0,2.93,0.49,0.3,0.99,0.686,128
2021-04-15T00:00:00.000Z,0.2,2.63,0.73,0.5,1,0.424,101
2021-04-16T00:00:00.000Z,0.4,1.63,0.7,0.6,0.9,0.229,129
2021-04-17T00:00:00.000Z,0.4,1.9,0.7,0.6,0.8,0.196,148
2021-04-18T00:00:00.000Z,0.5,1.47,0.9,0.77,1.07,0.193,130
2021-04-19T00:00:00.000Z,0.8,2.67,1.27,1.1,1.43,0.273,131
2021-04-20T00:00:00.000Z,0.4,1.8,1,0.8,1.2,0.281,116
2021-04-21T00:00:00.000Z,0.5,3.63,1.5,0.9,2.1,0.696,119
2021-04-22T00:00:00.000Z,0,2.8,0.3,0.1,0.6,0.661,120
2021-04-23T00:00:00.000Z,0,0.9,0.2,0.1,0.39,0.18,109
2021-04-24T00:00:00.000Z,0,0.77,0.2,0.1,0.3,0.179,124
2021-04-25T00:00:00.000Z,0,0.73,0.2,0.1,0.3,0.136,160
2021-04-26T00:00:00.000Z,0,1.27,0.5,0.35,0.56,0.177,133
2021-04-27T00:00:00.000Z,0.2,15.47,0.56,0.47,0.77,1.625,129
2021-04-28T00:00:00.000Z,0.3,3.27,0.6,0.47,1.2,0.539,124
2021-04-29T00:00:00.000Z,0.4,3.6,0.89,0.7,1.4,0.683,118
2021-04-30T00:00:00.000Z,0.07,1.83,0.7,0.47,1,0.341,106
2021-05-01T00:00:00.000Z,0.23,3.53,0.8,0.52,1.14,0.613,140
2021-05-02T00:00:00.000Z,0.2,1.77,0.6,0.4,0.9,0.386,134
2021-05-03T00:00:00.000Z,0.5,2,0.97,0.8,1.12,0.241,127
2021-05-04T00:00:00.000Z,0.73,4.33,1.4,1.1,3.02,1.156,120
2021-05-05T00:00:00.000Z,0,3.23,0.3,0.2,0.67,0.777,125
2021-05-06T00:00:00.000Z,0.1,1.9,0.6,0.4,0.97,0.385,117
2021-05-07T00:00:00.000Z,0.1,2.8,1.1,0.8,1.37,0.63,122
2021-05-08T00:00:00.000Z,0.7,4.73,1.6,1.3,1.87,0.487,121
2021-05-09T00:00:00.000Z,0.7,13.17,2,1.5,6.13,4.029,147
2021-05-10T00:00:00.000Z,2.2,13.47,3.57,2.87,10.82,3.955,128
2021-05-11T00:00:00.000Z,1,4.97,3.7,2.58,4.26,0.987,123
2021-05-12T00:00:00.000Z,1.6,5.23,2.13,1.9,2.6,0.702,114
2021-05-13T00:00:00.000Z,2.23,11.2,5.88,4.05,8.02,2.288,144
2021-05-14T00:00:00.000Z,1.4,14.83,5.13,2.06,11.4,4.714,131
2021-05-15T00:00:00.000Z,0.33,11.1,4.23,2,6.23,2.964,142
2021-05-16T00:00:00.000Z,0.7,6.8,1.62,1.17,4.23,1.803,146
2021-05-17T00:00:00.000Z,0.4,7.5,1.77,1.1,4.09,2.033,130
2021-05-18T00:00:00.000Z,0.6,8.69,1.37,1.1,4.37,2.467,112
2021-05-19T00:00:00.000Z,0.4,1.6,1.1,0.9,1.2,0.25,144
2021-05-20T00:00:00.000Z,0.7,3.03,1.84,1.1,2.29,0.631,152
2021-05-21T00:00:00.000Z,0.33,4.2,1.07,0.8,1.4,0.507,144
2021-05-22T00:00:00.000Z,0.3,3.17,1.1,0.67,2.06,0.751,119
2021-05-23T00:00:00.000Z,0.7,6.77,2.4,1.89,3.49,1.363,161
2021-05-24T00:00:00.000Z,0.4,4.3,1.89,0.9,2.97,1.079,146
2021-05-25T00:00:00.000Z,0.5,14.53,2.13,1.33,2.9,1.37,162
2021-05-26T00:00:00.000Z,0.2,3.97,0.97,0.5,1.3,0.73,158
2021-05-27T00:00:00.000Z,0.07,1.7,0.4,0.3,0.5,0.213,148
2021-05-28T00:00:00.000Z,0.6,5.3,3.4,2.02,4.13,1.294,159
2021-05-29T00:00:00.000Z,1.1,3.03,1.4,1.27,1.6,0.362,132
2021-05-30T00:00:00.000Z,1,5.35,1.8,1.4,2.35,0.672,164
2021-05-31T00:00:00.000Z,0.4,3.6,1.32,1.1,1.73,0.793,132
2021-06-01T00:00:00.000Z,0.4,2.4,1.2,0.9,1.5,0.382,172
2021-06-02T00:00:00.000Z,1.1,3.07,1.77,1.5,2.27,0.445,140
2021-06-03T00:00:00.000Z,1.4,3.83,2.29,1.93,2.93,0.599,140
2021-06-04T00:00:00.000Z,1.4,4.26,2.1,1.8,3.39,0.817,149
2021-06-05T00:00:00.000Z,1.98,4.57,3.1,2.5,3.7,0.659,154
2021-06-06T00:00:00.000Z,1.75,24.6,2.52,2.2,4.3,2.686,183
2021-06-07T00:00:00.000Z,2.35,6.9,4.23,3.63,4.93,0.913,307
2021-06-08T00:00:00.000Z,3.13,10.23,5,4.48,5.87,1.388,237
2021-06-09T00:00:00.000Z,3.05,11.5,7.6,4.45,8.52,2.297,253
2021-06-10T00:00:00.000Z,1,6,2.06,1.51,2.85,1.272,177
2021-06-11T00:00:00.000Z,1.25,4,2.5,2.06,3,0.593,175
2021-06-12T00:00:00.000Z,0.9,4.47,2,1.6,3.05,0.969,161
2021-06-13T00:00:00.000Z,0.3,2.1,0.9,0.7,1.1,0.358,158
2021-06-14T00:00:00.000Z,0.7,17.23,1.5,1.1,2.54,1.354,197
2021-06-15T00:00:00.000Z,0.2,1.5,0.43,0.33,0.82,0.313,188
2021-06-16T00:00:00.000Z,0.47,3.8,0.9,0.77,1.2,0.453,168
2021-06-17T00:00:00.000Z,0.6,28.73,1.88,1.6,2.37,2.193,229
2021-06-18T00:00:00.000Z,1.6,11.4,6.68,2.5,7.32,2.378,243
2021-06-19T00:00:00.000Z,0.1,12.13,3.17,1.21,7.34,3.15,280
2021-06-20T00:00:00.000Z,4.63,16.3,7.22,6.32,12.23,3.224,299
2021-06-21T00:00:00.000Z,2.35,12.23,5.74,3.7,8.93,2.662,262
2021-06-22T00:00:00.000Z,1.6,11.9,6.12,4.79,7.57,2.134,228
2021-06-23T00:00:00.000Z,1.4,4.3,2.5,2.1,2.83,0.525,287
2021-06-24T00:00:00.000Z,1.8,7.8,3.5,2.87,3.93,1.418,259
2021-06-25T00:00:00.000Z,1.6,12.27,3.73,3,7.83,3.242,288
2021-06-26T00:00:00.000Z,0.9,8.83,2.29,1.62,3.33,1.542,300
2021-06-27T00:00:00.000Z,1.75,4.59,3.38,2.94,3.82,0.599,301
2021-06-28T00:00:00.000Z,2.29,6.2,4.23,3.2,4.8,0.936,283
2021-06-29T00:00:00.000Z,1.67,51.47,3.3,2.63,4.3,3.842,308
2021-06-30T00:00:00.000Z,0.6,7.27,3.7,1.94,4.53,1.588,289
2021-07-01T00:00:00.000Z,0.56,3.08,1.3,1.07,1.7,0.436,258
2021-07-02T00:00:00.000Z,0.9,4.45,2.47,1.77,2.97,0.762,246
2021-07-03T00:00:00.000Z,1.3,5.09,3.03,2.31,3.37,0.809,328
2021-07-04T00:00:00.000Z,1.67,5.2,3,2.29,3.92,0.912,320
2021-07-05T00:00:00.000Z,2,5.27,3.1,2.78,3.6,0.643,251
2021-07-06T00:00:00.000Z,1.92,5.9,3.63,2.8,4.59,1.037,299
2021-07-07T00:00:00.000Z,3,12.23,5.8,4,7.2,2.274,258
2021-07-08T00:00:00.000Z,0.95,6.03,1.6,1.35,4.17,1.445,279
2021-07-09T00:00:00.000Z,0.8,5.09,2.1,1.4,3.1,0.902,323
2021-07-10T00:00:00.000Z,0.9,11.3,4.3,3.54,5.57,1.942,324
2021-07-11T00:00:00.000Z,0.2,3.57,1.77,1.17,2.47,0.803,354
2021-07-12T00:00:00.000Z,1.6,5.09,2.52,2.2,3.2,0.689,256
2021-07-13T00:00:00.000Z,1.48,8.1,3.08,2.1,5.15,1.832,233
2021-07-14T00:00:00.000Z,2.5,10.63,5.07,3.43,6.2,2.109,249
2021-07-15T00:00:00.000Z,6.6,15.87,9.9,8.8,11.73,2.009,300
2021-07-16T00:00:00.000Z,0.7,13.05,1.73,1.2,3.62,2.586,268
2021-07-17T00:00:00.000Z,3.67,13.93,4.97,4.43,5.7,2.07,323
2021-07-18T00:00:00.000Z,0.5,12.17,2.02,1.3,5.17,2.192,271
2021-07-19T00:00:00.000Z,0.1,1.3,0.6,0.4,0.8,0.257,248
2021-07-20T00:00:00.000Z,0.6,3.2,1.2,0.97,2,0.631,255
2021-07-21T00:00:00.000Z,0.07,2.29,0.2,0.2,0.4,0.241,290
2021-07-22T00:00:00.000Z,0.56,3.38,1.8,1.3,2.38,0.707,243
2021-07-23T00:00:00.000Z,0.4,2.87,1,0.83,1.3,0.58,295
2021-07-24T00:00:00.000Z,0.6,3.8,2.2,1.8,2.5,0.565,282
2021-07-25T00:00:00.000Z,1.4,6.4,2.1,1.77,2.52,0.529,320
2021-07-26T00:00:00.000Z,1.9,5.03,2.97,2.5,3.6,0.73,322
2021-07-27T00:00:00.000Z,2.27,9.8,4.78,3.67,7.19,2.043,341
2021-07-28T00:00:00.000Z,2.4,13.03,10,8.8,10.93,1.774,342
2021-07-29T00:00:00.000Z,0.7,9.33,2.5,1.32,3.9,1.634,296
2021-07-30T00:00:00.000Z,0.2,3.37,0.73,0.6,0.9,0.318,242
2021-07-31T00:00:00.000Z,1.3,4.07,2.7,2.2,3.23,0.648,260
2021-08-01T00:00:00.000Z,0.7,3.4,1.58,1.17,2.2,0.614,252
2021-08-02T00:00:00.000Z,0.2,5,0.77,0.4,1,0.493,243
2021-08-03T00:00:00.000Z,0.1,1.7,0.33,0.3,0.5,0.336,258
2021-08-04T00:00:00.000Z,0.3,12.4,0.89,0.47,1.3,1.059,220
2021-08-05T00:00:00.000Z,0.4,9.47,1.1,0.63,2.1,2.409,246
2021-08-06T00:00:00.000Z,0.5,2.88,1,0.73,1.3,0.371,308
2021-08-07T00:00:00.000Z,0.3,6.77,1.57,1.4,1.9,0.769,319
2021-08-08T00:00:00.000Z,0.8,5.17,1.8,1.47,2.38,0.833,289
2021-08-09T00:00:00.000Z,0.98,5.09,1.9,1.63,3,0.93,226
2021-08-10T00:00:00.000Z,0.5,4.2,2.6,2,3.15,0.892,292
2021-08-11T00:00:00.000Z,1.6,4,2.77,2.1,3.1,0.563,232
2021-08-12T00:00:00.000Z,1.2,3.9,2.02,1.7,2.92,0.692,285
2021-08-13T00:00:00.000Z,1.93,7.3,3.83,3.1,4.69,1.089,525
2021-08-14T00:00:00.000Z,0.65,5.67,1.5,1.17,2.17,1.063,444
2021-08-15T00:00:00.000Z,0,4.59,0.7,0.5,1.12,0.462,464
2021-08-16T00:00:00.000Z,0.77,5.93,1.8,1.5,2.22,0.809,516
2021-08-17T00:00:00.000Z,0.7,8.52,3.03,1.5,4.59,1.989,543
2021-08-18T00:00:00.000Z,0.2,5.6,1.3,0.9,1.8,1.244,450
2021-08-19T00:00:00.000Z,0.1,1.8,0.37,0.3,0.5,0.26,544
2021-08-20T00:00:00.000Z,0.1,3.4,0.6,0.3,0.9,0.386,502
2021-08-21T00:00:00.000Z,0.1,5.57,0.3,0.2,0.7,0.692,540
2021-08-22T00:00:00.000Z,0.3,3.03,0.6,0.5,0.7,0.247,506
2021-08-23T00:00:00.000Z,0.4,2.17,1.09,0.77,1.47,0.412,550
2021-08-24T00:00:00.000Z,0.43,2.29,1.2,1,1.43,0.326,483
2021-08-25T00:00:00.000Z,0,3.93,0.32,0.17,1.77,1.07,522
2021-08-26T00:00:00.000Z,0.1,4.9,2.83,1.4,3.4,1.225,383
2021-08-27T00:00:00.000Z,0.9,5.33,3.19,2.4,3.87,0.898,414
2021-08-28T00:00:00.000Z,2.5,7.6,3.73,3.1,4.2,0.881,374
2021-08-29T00:00:00.000Z,2.73,5.63,4.07,3.82,4.47,0.471,397
2021-08-30T00:00:00.000Z,2,5.67,3.47,2.85,3.89,0.647,521
2021-08-31T00:00:00.000Z,0.7,9.36,1.67,1.4,3.2,1.395,531
2021-09-01T00:00:00.000Z,0.47,3.97,2.29,1.77,2.87,0.797,516
2021-09-02T00:00:00.000Z,0.23,7.1,1.72,0.7,4.09,1.883,508
2021-09-03T00:00:00.000Z,0.1,2.83,0.7,0.4,1.57,0.672,547
2021-09-04T00:00:00.000Z,0.1,1.67,0.4,0.3,0.6,0.237,539
2021-09-05T00:00:00.000Z,0.3,2.63,0.8,0.56,1.07,0.351,471
2021-09-06T00:00:00.000Z,0.6,8.8,1.4,1.1,1.6,0.627,471
2021-09-07T00:00:00.000Z,1.23,4.8,2.7,2.27,3.3,0.786,453
2021-09-08T00:00:00.000Z,1.17,5.2,2.13,1.7,4.2,1.281,577
2021-09-09T00:00:00.000Z,1.9,11.4,5.67,4,6.77,1.733,497
2021-09-10T00:00:00.000Z,3.6,14,5.79,4.9,8.15,2.41,556
2021-09-11T00:00:00.000Z,5.43,16.67,10,7.53,11.77,2.837,567
2021-09-12T00:00:00.000Z,0.1,19.7,4.09,2.52,7.6,5.421,562
2021-09-13T00:00:00.000Z,0.1,3.1,0.5,0.33,0.7,0.35,564
2021-09-14T00:00:00.000Z,0.3,9.63,0.79,0.6,1.19,0.629,580
2021-09-15T00:00:00.000Z,0.2,2.47,0.7,0.5,1.27,0.517,566
2021-09-16T00:00:00.000Z,0.4,3.2,1.5,0.9,2.06,0.67,558
2021-09-17T00:00:00.000Z,0.8,4.03,2.67,2,2.97,0.78,567
2021-09-18T00:00:00.000Z,0.6,2.83,1.57,1.3,1.93,0.428,567
2021-09-19T00:00:00.000Z,1.03,3.97,2,1.5,2.52,0.596,566
2021-09-20T00:00:00.000Z,1.23,4.26,2.65,2,3.27,0.698,552
2021-09-21T00:00:00.000Z,1.4,6.47,2.77,2.27,3.4,0.844,571
2021-09-22T00:00:00.000Z,0.33,5.27,2,1.5,3.47,1.172,565
2021-09-23T00:00:00.000Z,0,4,0.9,0.4,2.49,1.144,580
2021-09-24T00:00:00.000Z,0,3,0.4,0.27,0.56,0.386,560
2021-09-25T00:00:00.000Z,0,10.53,0.9,0.4,2,1.154,564
2021-09-26T00:00:00.000Z,0,1.7,0.6,0.3,0.8,0.313,546
2021-09-27T00:00:00.000Z,0.2,3.8,0.65,0.4,1.23,0.855,458
2021-09-28T00:00:00.000Z,1.1,6.2,1.9,1.47,3.17,1.134,566
2021-09-29T00:00:00.000Z,2.6,10.07,3.7,3.42,4.07,0.547,560
2021-09-30T00:00:00.000Z,0.6,8.93,4.76,2.97,5.6,1.931,546
2021-10-01T00:00:00.000Z,0.3,2.63,1.2,1,1.6,0.47,539
2021-10-02T00:00:00.000Z,1.57,12.3,3.7,2.72,9.15,3.448,545
2021-10-03T00:00:00.000Z,7.2,18.17,10.65,9.57,14,2.787,550
2021-10-04T00:00:00.000Z,3.83,64.27,11.5,9.6,14.63,4.327,554
2021-10-05T00:00:00.000Z,0.6,24.47,5.01,2.06,7.03,3.474,578
2021-10-06T00:00:00.000Z,0.56,14.47,2.29,1.3,6.82,3.26,569
2021-10-07T00:00:00.000Z,1.53,221.07,3.53,2.7,4.2,9.458,571
2021-10-08T00:00:00.000Z,0.93,9.07,2.63,2.1,5.07,1.848,560
2021-10-09T00:00:00.000Z,1.73,29.73,4.79,3.8,6.03,1.93,556
2021-10-10T00:00:00.000Z,2.87,12.13,4.5,3.67,7.13,2.478,574
2021-10-11T00:00:00.000Z,0.4,135.13,2.6,1.7,6.55,6.038,573
2021-10-12T00:00:00.000Z,0,1.9,0.3,0.2,0.4,0.187,569
2021-10-13T00:00:00.000Z,0.1,4.17,0.43,0.3,0.93,0.558,561
2021-10-14T00:00:00.000Z,0.2,26.07,1.03,0.7,1.4,2.359,555
2021-10-15T00:00:00.000Z,0,41.1,0.5,0.3,1.1,2.231,558
2021-10-16T00:00:00.000Z,0,1.53,0.4,0.3,0.5,0.199,562
2021-10-17T00:00:00.000Z,0,1.17,0.2,0.2,0.3,0.124,568
2021-10-18T00:00:00.000Z,0,5.33,0.4,0.2,1.27,0.806,546
2021-10-19T00:00:00.000Z,0.2,15,1.7,0.7,2.35,3.162,580
2021-10-20T00:00:00.000Z,0.17,4.7,1.2,0.6,1.77,0.937,558
2021-10-21T00:00:00.000Z,0,13.13,1.1,0.4,1.4,0.976,555
2021-10-22T00:00:00.000Z,0,1.5,0.2,0.1,0.27,0.16,557
2021-10-23T00:00:00.000Z,0.1,9.57,0.5,0.4,1.97,1.308,558
2021-10-24T00:00:00.000Z,0.2,3.13,1.03,0.6,1.87,0.714,562
2021-10-25T00:00:00.000Z,0.8,6.17,2.4,1.77,3.67,1.152,565
2021-10-26T00:00:00.000Z,0.3,11.38,2.33,1.1,6.35,2.93,553
2021-10-27T00:00:00.000Z,0.3,4.97,1.43,0.83,1.97,0.736,545
2021-10-28T00:00:00.000Z,0.4,4.76,1.57,1.1,2.2,0.976,534
2021-10-29T00:00:00.000Z,4,23.27,9.82,7.57,13.5,3.629,558
2021-10-30T00:00:00.000Z,10.93,24.63,16.47,13.9,19.37,3.305,572
2021-10-31T00:00:00.000Z,5.5,30.37,11.03,7.27,22.09,7.743,549
2021-11-01T00:00:00.000Z,5.83,36.86,13.37,11.43,16.53,4.003,539
2021-11-02T00:00:00.000Z,13.07,74.09,18.57,16.97,20.25,3.772,500
2021-11-03T00:00:00.000Z,1.8,22.63,16.53,12.1,18,4.978,515
2021-11-04T00:00:00.000Z,0.6,8.36,2.1,1.35,2.9,0.953,564
2021-11-05T00:00:00.000Z,0.2,10.8,0.7,0.56,1.03,0.873,560
2021-11-06T00:00:00.000Z,0.1,7.37,0.6,0.4,1.3,0.829,552
2021-11-07T00:00:00.000Z,0,2.37,0.3,0.2,0.5,0.348,551
2021-11-08T00:00:00.000Z,0.2,9.86,0.8,0.53,2.17,1.692,442
2021-11-09T00:00:00.000Z,0.3,4.87,1.2,0.7,1.63,0.818,537
2021-11-10T00:00:00.000Z,0,1.97,0.7,0.37,1.09,0.439,537
2021-11-11T00:00:00.000Z,0.1,2.67,1,0.73,1.17,0.368,528
2021-11-12T00:00:00.000Z,0,12.33,0.23,0.13,2.83,2.041,494
2021-11-13T00:00:00.000Z,0.93,9.73,1.8,1.5,2.27,0.852,561
2021-11-14T00:00:00.000Z,0.4,6.37,1.43,1,1.8,0.527,551
2021-11-15T00:00:00.000Z,0.3,3,0.83,0.67,1.73,0.603,543
2021-11-16T00:00:00.000Z,0.9,7.9,2.97,2.12,3.6,1,537
2021-11-17T00:00:00.000Z,0.7,6.73,2.29,1.7,2.9,0.916,407
2021-11-18T00:00:00.000Z,0.2,3.7,0.6,0.47,0.8,0.353,508
2021-11-19T00:00:00.000Z,0,8.19,0.87,0.6,1.3,1.219,469
2021-11-20T00:00:00.000Z,0,2.1,0.3,0,0.6,0.401,515
2021-11-21T00:00:00.000Z,0,2.47,0.23,0.2,0.33,0.184,561
2021-11-22T00:00:00.000Z,0.1,2.5,0.5,0.4,0.63,0.265,548
2021-11-23T00:00:00.000Z,0.2,2.43,0.6,0.4,0.73,0.254,550
2021-11-24T00:00:00.000Z,0.1,12.73,0.43,0.3,0.95,0.871,540
2021-11-25T00:00:00.000Z,0.1,3.2,0.5,0.3,0.6,0.281,552
2021-11-26T00:00:00.000Z,0.2,4.59,0.8,0.6,1.1,0.417,565
2021-11-27T00:00:00.000Z,0.2,1.7,0.67,0.5,0.8,0.222,549
2021-11-28T00:00:00.000Z,0.3,2.52,0.8,0.56,1.1,0.335,541
2021-11-29T00:00:00.000Z,0.23,3.93,0.83,0.7,1,0.309,547
2021-11-30T00:00:00.000Z,0.3,6.07,0.73,0.6,1,0.383,544
2021-12-01T00:00:00.000Z,0.3,3.77,1.12,0.9,1.5,0.483,532
2021-12-02T00:00:00.000Z,0.2,3.6,0.9,0.62,1.3,0.477,533
2021-12-03T00:00:00.000Z,0.6,2.33,1.4,1.2,1.6,0.323,241
2021-12-04T00:00:00.000Z,0.7,3.1,1.57,1.33,1.77,0.364,524
2021-12-05T00:00:00.000Z,0.3,1.7,0.67,0.53,0.8,0.192,523
2021-12-06T00:00:00.000Z,0.2,2.6,0.7,0.5,0.93,0.357,548
2021-12-07T00:00:00.000Z,0.27,8.36,1.73,1,2.7,1.562,527
2021-12-08T00:00:00.000Z,0.53,3.87,1.8,1.3,2.2,0.586,532
2021-12-09T00:00:00.000Z,0.6,4.03,1.4,1.2,1.6,0.358,539
2021-12-10T00:00:00.000Z,1.12,9.57,3.53,2.23,5.59,2.089,512
2021-12-11T00:00:00.000Z,0.63,23.3,2.6,1.55,6.7,3.117,540
2021-12-12T00:00:00.000Z,3.5,21.67,8.8,7.37,9.83,2.878,458
2021-12-13T00:00:00.000Z,1.53,7.5,3.89,3.23,4.42,0.892,456
2021-12-14T00:00:00.000Z,0.87,5.67,1.67,1.37,2.4,1.11,485
2021-12-15T00:00:00.000Z,0.4,6.43,1.3,1,1.67,0.503,518
2021-12-16T00:00:00.000Z,0.13,1.33,0.5,0.37,0.6,0.199,528
2021-12-17T00:00:00.000Z,0.13,4.07,0.79,0.5,1.17,0.56,534
2021-12-18T00:00:00.000Z,0.1,1.73,0.4,0.3,0.7,0.33,525
2021-12-19T00:00:00.000Z,0,1.17,0.2,0.1,0.3,0.142,532
2021-12-20T00:00:00.000Z,0.2,1.37,0.56,0.4,0.77,0.225,507
2021-12-21T00:00:00.000Z,0.2,4.09,0.9,0.53,1.47,0.716,543
2021-12-22T00:00:00.000Z,0.5,7.37,1.97,1.33,3,1.227,539
2021-12-23T00:00:00.000Z,0.3,2.7,1.3,0.97,1.6,0.465,518
2021-12-24T00:00:00.000Z,0,1.37,0.2,0.1,0.3,0.148,541
2021-12-25T00:00:00.000Z,0,2.29,0.43,0.23,0.67,0.299,523
2021-12-26T00:00:00.000Z,0.1,9.43,0.7,0.4,1.79,1.409,549
2021-12-27T00:00:00.000Z,0.47,4.87,1.8,1.43,2.37,0.827,552
2021-12-28T00:00:00.000Z,1,11.3,2.73,2.09,4.38,2.261,561
2021-12-29T00:00:00.000Z,7.37,16.82,11.67,10.53,12.85,1.752,564
2021-12-30T00:00:00.000Z,1.67,14.43,5.83,3.1,9.43,3.468,546
2021-12-31T00:00:00.000Z,0.56,71.47,1.6,1.1,2.2,3.498,563
2022-01-01T00:00:00.000Z,0.27,4.7,0.9,0.59,1.52,0.917,552
2022-01-02T00:00:00.000Z,0,7.2,2.73,0.5,4.13,1.877,549
2022-01-03T00:00:00.000Z,0.6,6.7,1.7,1.37,2.13,0.74,553
2022-01-04T00:00:00.000Z,0.1,2.5,0.87,0.62,1.1,0.347,553
2022-01-05T00:00:00.000Z,0.2,1.83,0.73,0.5,1,0.328,555
2022-01-06T00:00:00.000Z,0.03,3.1,0.4,0.3,0.6,0.361,568
2022-01-07T00:00:00.000Z,0.1,4.23,0.7,0.4,1,0.505,570
2022-01-08T00:00:00.000Z,0.1,10.9,4.79,0.6,7.23,3.223,526
2022-01-09T00:00:00.000Z,1.57,7.87,3.85,2.97,4.8,1.404,534
2022-01-10T00:00:00.000Z,2.5,7.3,4.3,3.93,4.7,0.7,533
2022-01-11T00:00:00.000Z,1.5,6.37,3.4,2.8,4.5,1.022,559
2022-01-12T00:00:00.000Z,0.83,9.8,2.2,1.6,6.6,2.772,559
2022-01-13T00:00:00.000Z,0.27,1.97,0.8,0.63,1.07,0.309,555
2022-01-14T00:00:00.000Z,0,2.17,0.37,0.2,0.6,0.317,536
2022-01-15T00:00:00.000Z,0,4.3,0.67,0.4,1.2,0.699,560
2022-01-16T00:00:00.000Z,0.1,2.52,0.8,0.5,1.2,0.468,555
2022-01-17T00:00:00.000Z,0,2.57,0.3,0.2,0.4,0.252,555
2022-01-18T00:00:00.000Z,0.1,6.63,0.6,0.4,0.97,0.689,550
2022-01-19T00:00:00.000Z,0,2.8,1.4,1.03,1.67,0.546,540
2022-01-20T00:00:00.000Z,0,0.8,0.2,0.1,0.3,0.152,567
2022-01-21T00:00:00.000Z,0,1.7,0.3,0.2,0.47,0.196,525
2022-01-22T00:00:00.000Z,0,6.43,0.8,0.5,1.73,1.095,545
2022-01-23T00:00:00.000Z,0.7,5.9,2,1.5,2.52,0.756,546
2022-01-24T00:00:00.000Z,0.2,7.53,1.37,0.77,1.97,0.825,545
2022-01-25T00:00:00.000Z,0.17,13.53,1.3,0.8,1.8,1.383,552
2022-01-26T00:00:00.000Z,0.3,3.8,1.27,0.8,2.5,0.946,520
2022-01-27T00:00:00.000Z,0.1,3.33,1.23,0.8,1.67,0.648,553
2022-01-28T00:00:00.000Z,0,18.47,0.37,0.2,0.6,1.504,555
2022-01-29T00:00:00.000Z,0,6.33,0.62,0.4,0.97,0.685,556
2022-01-30T00:00:00.000Z,0,1.03,0.1,0.1,0.27,0.16,564
2022-01-31T00:00:00.000Z,0,1.4,0.4,0.3,0.53,0.199,554
2022-02-01T00:00:00.000Z,0.1,3.73,0.97,0.5,1.57,0.687,531
2022-02-02T00:00:00.000Z,0.1,4.9,1.5,1.12,1.89,0.807,528
2022-02-03T00:00:00.000Z,0.47,3.47,1.93,1.5,2.35,0.608,516
2022-02-04T00:00:00.000Z,0.23,4.37,1.4,0.63,2.29,0.902,536
2022-02-05T00:00:00.000Z,0.27,11.6,0.9,0.7,1.2,0.861,543
2022-02-06T00:00:00.000Z,0.07,1.8,0.83,0.6,1.07,0.346,562
2022-02-07T00:00:00.000Z,0,2.97,0.4,0.23,0.53,0.281,555
2022-02-08T00:00:00.000Z,0,10.23,0.63,0.4,0.9,0.638,548
2022-02-09T00:00:00.000Z,0,2.13,0.8,0.5,1.12,0.42,518
2022-02-10T00:00:00.000Z,0.2,3.4,0.73,0.53,0.97,0.461,526
2022-02-11T00:00:00.000Z,0,1.8,0.4,0.3,0.6,0.291,537
2022-02-12T00:00:00.000Z,0.07,2.29,0.97,0.7,1.2,0.414,561
2022-02-13T00:00:00.000Z,0.9,4.5,1.77,1.5,2.1,0.659,556
2022-02-14T00:00:00.000Z,1.7,9.8,5.5,4.7,7.5,1.95,563
2022-02-15T00:00:00.000Z,0.27,7.5,3.47,1.33,4.5,1.759,579
2022-02-16T00:00:00.000Z,0.23,5.4,1.4,0.97,2.65,1.161,565
2022-02-17T00:00:00.000Z,0,1.8,0.3,0.2,0.5,0.244,567
2022-02-18T00:00:00.000Z,0,7.7,0.49,0.3,1.17,1.034,572
2022-02-19T00:00:00.000Z,0.1,9.2,0.7,0.5,1.03,0.801,572
2022-02-20T00:00:00.000Z,0.3,15.9,1,0.7,1.33,1.249,569
2022-02-21T00:00:00.000Z,0,1.63,0.3,0.2,0.5,0.316,559
2022-02-22T00:00:00.000Z,0,13.77,0.9,0.6,2.2,1.852,579
2022-02-23T00:00:00.000Z,0.3,4,1.43,1.1,1.8,0.559,570
2022-02-24T00:00:00.000Z,0.1,5.17,0.9,0.67,1.1,0.4,574
2022-02-25T00:00:00.000Z,0.1,3.03,0.63,0.4,0.97,0.495,554
2022-02-26T00:00:00.000Z,0,27.4,0.6,0.4,0.8,1.522,575
2022-02-27T00:00:00.000Z,0.3,1.6,0.67,0.5,0.85,0.242,569
2022-02-28T00:00:00.000Z,0.2,4.43,0.67,0.5,0.93,0.501,556
2022-03-01T00:00:00.000Z,0.4,7.87,2.4,1.1,3.65,1.746,576
2022-03-02T00:00:00.000Z,0.37,5.67,2.2,1.3,4.09,1.498,562
2022-03-03T00:00:00.000Z,0.03,2.47,0.4,0.3,0.53,0.233,558
2022-03-04T00:00:00.000Z,0.1,3.9,0.6,0.4,1.07,0.752,559
2022-03-05T00:00:00.000Z,0.1,2.52,0.5,0.33,1.2,0.541,574
2022-03-06T00:00:00.000Z,0,2.2,0.4,0.23,0.7,0.42,549
2022-03-07T00:00:00.000Z,0.13,2.47,0.5,0.4,0.89,0.442,576
2022-03-08T00:00:00.000Z,0.4,14.63,1.1,0.9,1.5,1.046,560
2022-03-09T00:00:00.000Z,0.6,3.27,1.6,1.23,2.02,0.541,555
2022-03-10T00:00:00.000Z,0.3,3.57,1.4,0.9,2.02,0.684,566
2022-03-11T00:00:00.000Z,0.9,11.23,2.8,1.9,4.03,1.528,561
2022-03-12T00:00:00.000Z,1.2,15.9,2.63,1.83,3.47,1.544,553
2022-03-13T00:00:00.000Z,0.6,7.6,4.42,2.27,5.77,1.884,546
2022-03-14T00:00:00.000Z,3.07,25.97,9.68,6.27,11.1,4.133,574
2022-03-15T00:00:00.000Z,7.57,16.67,11.5,10.23,13.82,2.211,560
2022-03-16T00:00:00.000Z,8.27,17.27,12.73,11.57,13.9,1.589,562
2022-03-17T00:00:00.000Z,3.27,13.47,7.87,5.32,10.19,2.716,561
2022-03-18T00:00:00.000Z,0.27,14.9,1.17,0.83,7.14,4.992,541
2022-03-19T00:00:00.000Z,0.2,9.77,0.9,0.7,1.4,0.854,566
2022-03-20T00:00:00.000Z,0.5,13.07,1,0.8,1.63,1.109,552
2022-03-21T00:00:00.000Z,2.2,13.9,8.19,6.43,10.13,2.68,533
2022-03-22T00:00:00.000Z,5.23,15.4,10.6,8.52,12.13,2.087,570
2022-03-23T00:00:00.000Z,1,12.23,3.57,3,4.53,2.146,556
2022-03-24T00:00:00.000Z,2.7,6.6,3.53,3.37,3.8,0.43,538
2022-03-25T00:00:00.000Z,0.1,7.5,3.9,1.6,5.33,2.004,568
2022-03-26T00:00:00.000Z,0,3.77,0.45,0.3,0.7,0.59,570
2022-03-27T00:00:00.000Z,0,4.53,0.5,0.4,0.67,0.325,550
2022-03-28T00:00:00.000Z,0,3.33,0.47,0.3,1.2,0.748,571
2022-03-29T00:00:00.000Z,0,1.8,0.5,0.4,0.67,0.266,554
2022-03-30T00:00:00.000Z,0,6.47,0.4,0.3,1.23,1.169,564
2022-03-31T00:00:00.000Z,0.2,4.03,0.97,0.6,1.3,0.522,574
2022-04-01T00:00:00.000Z,0.1,6.8,1,0.7,1.37,0.951,540
2022-04-02T00:00:00.000Z,0.1,3.07,1.1,0.5,1.7,0.668,503
2022-04-03T00:00:00.000Z,0,3,0.27,0.17,0.4,0.32,560
2022-04-04T00:00:00.000Z,0,2.93,0.4,0.2,0.85,0.504,569
2022-04-05T00:00:00.000Z,0,1.73,0.13,0.1,0.23,0.181,561
2022-04-06T00:00:00.000Z,0,2.4,0.3,0.2,0.5,0.271,568
2022-04-07T00:00:00.000Z,0.1,5.23,0.6,0.4,0.73,0.653,566
2022-04-08T00:00:00.000Z,0.1,2.7,0.4,0.3,0.85,0.496,572
2022-04-09T00:00:00.000Z,0.1,7,0.43,0.35,0.59,0.664,556
2022-04-10T00:00:00.000Z,0,0.77,0.2,0.17,0.3,0.122,568
2022-04-11T00:00:00.000Z,0,8.8,0.4,0.27,0.8,0.744,570
2022-04-12T00:00:00.000Z,0.1,10.23,0.7,0.5,1.03,0.834,574
2022-04-13T00:00:00.000Z,0.2,3.77,0.9,0.6,1.17,0.368,563
2022-04-14T00:00:00.000Z,0.47,7,2.87,1.77,4.47,1.617,567
2022-04-15T00:00:00.000Z,0.1,2.29,0.47,0.3,0.9,0.498,568
2022-04-16T00:00:00.000Z,0,4.03,0.4,0.3,0.56,0.6,577
2022-04-17T00:00:00.000Z,0.2,6,0.5,0.4,0.63,0.418,561
2022-04-18T00:00:00.000Z,0.43,2.43,0.9,0.8,1.29,0.374,565
2022-04-19T00:00:00.000Z,0.37,2.23,0.8,0.67,1,0.288,566
2022-04-20T00:00:00.000Z,0.6,2.27,1.4,1.1,1.6,0.333,570
2022-04-21T00:00:00.000Z,0.6,2.57,1,0.87,1.1,0.216,564
2022-04-22T00:00:00.000Z,0.17,5.67,0.87,0.67,1.12,0.417,567
2022-04-23T00:00:00.000Z,0.1,1.87,0.5,0.4,0.7,0.27,563
2022-04-24T00:00:00.000Z,0.3,3.23,1.17,0.8,1.57,0.579,571
2022-04-25T00:00:00.000Z,0.5,14.73,1.23,0.9,1.6,0.841,543
2022-04-26T00:00:00.000Z,0.1,7.53,0.43,0.3,0.6,0.632,531
2022-04-27T00:00:00.000Z,0.1,8.77,0.43,0.3,0.6,0.423,560
2022-04-28T00:00:00.000Z,0.1,3.73,0.6,0.43,0.83,0.407,559
2022-04-29T00:00:00.000Z,0.1,2.13,0.4,0.3,0.6,0.304,565
2022-04-30T00:00:00.000Z,0.2,6,0.7,0.5,1.87,1.453,568
2022-05-01T00:00:00.000Z,0.1,3.63,0.7,0.3,1.3,0.881,511
2022-05-02T00:00:00.000Z,0,2.8,0.7,0.5,0.9,0.343,453
2022-05-03T00:00:00.000Z,0.07,1.97,0.5,0.4,0.7,0.265,539
2022-05-04T00:00:00.000Z,0.03,1.67,0.56,0.4,0.83,0.309,579
2022-05-05T00:00:00.000Z,0.7,3.17,1.7,1.5,1.9,0.377,564
2022-05-06T00:00:00.000Z,0.8,3.6,1.57,1.3,1.8,0.482,569
2022-05-07T00:00:00.000Z,0.2,6.6,0.9,0.6,3.1,1.658,571
2022-05-08T00:00:00.000Z,0.13,2.87,0.43,0.4,0.56,0.177,561
2022-05-09T00:00:00.000Z,0.2,240.83,0.83,0.63,1.03,12.931,532
2022-05-10T00:00:00.000Z,0.6,31.3,2.06,1.12,3.2,2.536,511
2022-05-11T00:00:00.000Z,0.77,487.77,1.9,1.4,2.31,21.995,513
2022-05-12T00:00:00.000Z,0.1,97.23,0.89,0.5,1.97,4.4,518
2022-05-13T00:00:00.000Z,0.2,2,0.93,0.6,1.2,0.362,526
2022-05-14T00:00:00.000Z,0.2,5.97,0.8,0.6,1.12,0.433,546
2022-05-15T00:00:00.000Z,0,2.43,0.3,0.2,0.5,0.286,537
2022-05-16T00:00:00.000Z,0.1,2.43,0.4,0.3,0.5,0.337,532
2022-05-17T00:00:00.000Z,0.1,1.63,0.5,0.4,0.7,0.201,525
2022-05-18T00:00:00.000Z,0.23,1.8,0.73,0.63,0.8,0.167,515
2022-05-19T00:00:00.000Z,0.6,2.5,1.47,1.12,1.76,0.399,525
2022-05-20T00:00:00.000Z,0.9,4.3,2.2,1.5,3.17,0.893,522
2022-05-21T00:00:00.000Z,0.8,2.47,1.4,1.2,1.6,0.293,511
2022-05-22T00:00:00.000Z,1.07,2.93,1.6,1.4,1.8,0.286,513
2022-05-23T00:00:00.000Z,0.93,3.93,1.6,1.4,2,0.454,533
2022-05-24T00:00:00.000Z,1.12,3.23,1.9,1.7,2.2,0.421,530
2022-05-25T00:00:00.000Z,0.6,7.27,2.06,1.4,3.4,1.437,519
2022-05-26T00:00:00.000Z,0.3,1.8,0.77,0.6,1,0.3,512
2022-05-27T00:00:00.000Z,0.1,2.83,0.7,0.5,1.1,0.402,501
2022-05-28T00:00:00.000Z,0.5,2.52,1.7,1.17,1.9,0.479,274
2022-05-29T00:00:00.000Z,0.4,1.43,0.7,0.6,0.8,0.178,199
2022-05-30T00:00:00.000Z,0.3,2.37,0.97,0.6,1.2,0.393,461
2022-05-31T00:00:00.000Z,1.1,6.37,3.47,2.4,4.5,1.355,484
2022-06-01T00:00:00.000Z,0.5,3.8,1.7,1.2,2.29,0.79,490
2022-06-02T00:00:00.000Z,1.2,8.43,2.97,2.2,3.93,1.035,212
2022-06-03T00:00:00.000Z,0.9,6,2.8,2.06,4.3,1.32,332
2022-06-04T00:00:00.000Z,0.6,4.59,1.8,1.2,2.02,0.552,446
2022-06-05T00:00:00.000Z,0.1,2.7,1.3,0.53,1.6,0.557,454
2022-06-06T00:00:00.000Z,0.3,1.63,0.56,0.43,0.83,0.273,364
2022-06-07T00:00:00.000Z,0.5,3.97,1.4,0.93,2.42,0.81,532
2022-06-08T00:00:00.000Z,0.37,14.3,1.2,0.8,5.37,4.149,517
2022-06-09T00:00:00.000Z,1.2,12.57,1.8,1.6,2,0.569,498
2022-06-10T00:00:00.000Z,1.57,5.09,2.4,2.17,3.2,0.775,495
2022-06-11T00:00:00.000Z,1.17,4.2,1.97,1.77,2.17,0.299,480
2022-06-12T00:00:00.000Z,0.4,2.9,1.36,1,1.83,0.476,500
2022-06-13T00:00:00.000Z,0.2,2.37,1,0.7,1.7,0.526,482
2022-06-14T00:00:00.000Z,0.3,2.67,0.8,0.6,1,0.266,369
2022-06-15T00:00:00.000Z,0.3,2.27,0.93,0.7,1.2,0.383,493
2022-06-16T00:00:00.000Z,0.15,2.52,0.9,0.6,1.19,0.502,500
2022-06-17T00:00:00.000Z,0.1,1.93,1,0.6,1.33,0.461,446
2022-06-18T00:00:00.000Z,0.4,9.69,2.1,0.94,5.59,2.564,508
2022-06-19T00:00:00.000Z,0.1,1.3,0.47,0.3,0.6,0.212,464
2022-06-20T00:00:00.000Z,0.33,4.4,1.2,0.9,1.73,0.728,392
2022-06-21T00:00:00.000Z,0.7,3.37,1.7,1.49,2.29,0.585,345
2022-06-22T00:00:00.000Z,1,195.1,2.29,1.7,3.5,10.868,337
2022-06-23T00:00:00.000Z,1.1,3.73,1.6,1.4,1.79,0.433,332
2022-06-24T00:00:00.000Z,0.7,5.63,2.04,1.63,2.73,0.76,567
2022-06-25T00:00:00.000Z,1.9,5.7,2.83,2.4,3.97,0.962,562
2022-06-26T00:00:00.000Z,2.4,6.4,3.66,3.12,4.76,1.065,572
2022-06-27T00:00:00.000Z,3.2,7.2,4.4,3.9,5.93,1.063,553
2022-06-28T00:00:00.000Z,0.9,9.36,5,1.9,6.38,2.27,544
2022-06-29T00:00:00.000Z,1.12,15.6,3.8,3.17,4.22,2.753,551
2022-06-30T00:00:00.000Z,5.82,23,11.67,8.52,16.3,4.549,548
2022-07-01T00:00:00.000Z,3.97,13.3,7.13,5.47,9.07,2.185,555
2022-07-02T00:00:00.000Z,0.4,16.1,0.98,0.7,6.83,5.025,561
2022-07-03T00:00:00.000Z,0.32,2.27,1,0.8,1.33,0.353,525
2022-07-04T00:00:00.000Z,0.6,3.8,1.5,1.23,1.8,0.43,559
2022-07-05T00:00:00.000Z,0.2,1.17,0.53,0.4,0.7,0.219,543
2022-07-06T00:00:00.000Z,0.1,4.05,0.6,0.4,0.8,0.307,554
2022-07-07T00:00:00.000Z,0.2,2.33,0.7,0.56,0.8,0.245,378
2022-07-08T00:00:00.000Z,0.3,2.5,0.9,0.7,1.1,0.312,541
2022-07-09T00:00:00.000Z,0,1.67,0.45,0.2,0.63,0.269,541
2022-07-10T00:00:00.000Z,0,1.3,0.2,0.1,0.7,0.356,542
2022-07-11T00:00:00.000Z,0.2,2.1,0.7,0.5,1,0.317,544
2022-07-12T00:00:00.000Z,0.3,2.75,0.63,0.5,0.9,0.325,556
2022-07-13T00:00:00.000Z,0.4,3.9,1.4,1.2,1.77,0.542,503
2022-07-14T00:00:00.000Z,0.1,0.8,0.3,0.2,0.43,0.147,531
2022-07-15T00:00:00.000Z,0,1.6,0.2,0.1,0.3,0.13,509
2022-07-16T00:00:00.000Z,0,1.33,0.1,0.1,0.2,0.102,581
2022-07-17T00:00:00.000Z,0,1.4,0.2,0.1,0.23,0.116,574
2022-07-18T00:00:00.000Z,0.2,4.83,1.8,1.2,2.7,1.271,570
2022-07-19T00:00:00.000Z,0.3,5.8,1,0.63,4.73,1.989,572
2022-07-20T00:00:00.000Z,0.6,7.22,3.4,3.05,3.8,1.014,567
2022-07-21T00:00:00.000Z,1.9,26.17,4.7,4.24,5.4,1.279,568
2022-07-22T00:00:00.000Z,3.4,8.57,6.1,5.32,6.8,1.022,569
2022-07-23T00:00:00.000Z,0.3,7.2,0.9,0.7,1.2,1.318,560
2022-07-24T00:00:00.000Z,0.6,2.73,1,0.8,1.57,0.448,567
2022-07-25T00:00:00.000Z,1.77,6.33,3.1,2.7,3.5,0.778,575
2022-07-26T00:00:00.000Z,0.17,8.23,1.5,0.5,4.55,2.371,569
2022-07-27T00:00:00.000Z,0,5.83,0.5,0.2,0.9,0.485,568
2022-07-28T00:00:00.000Z,0.1,3.3,0.3,0.2,0.37,0.262,551
2022-07-29T00:00:00.000Z,0.17,3.4,0.4,0.3,0.6,0.336,551
2022-07-30T00:00:00.000Z,0.3,8.69,0.7,0.6,0.8,0.375,556
2022-07-31T00:00:00.000Z,0.3,1.7,0.6,0.5,0.7,0.162,569
2022-08-01T00:00:00.000Z,0.4,1.33,0.73,0.67,0.82,0.145,493
2022-08-02T00:00:00.000Z,0.2,3.4,0.73,0.5,1.1,0.459,529
2022-08-03T00:00:00.000Z,0.5,15.1,1.1,0.9,1.88,0.859,543
2022-08-04T00:00:00.000Z,0.8,6.53,1.8,1.3,2.87,1.581,451
2022-08-05T00:00:00.000Z,0.5,15.53,4.45,3.13,7.7,3.376,541
2022-08-06T00:00:00.000Z,0.1,2,0.4,0.3,0.9,0.423,522
2022-08-07T00:00:00.000Z,0.13,2.9,0.9,0.5,1.2,0.502,415
2022-08-08T00:00:00.000Z,0.5,6.1,1.43,1,3.1,1.588,495
2022-08-09T00:00:00.000Z,0.5,3.53,1.23,0.98,2,0.622,530
2022-08-10T00:00:00.000Z,0.65,3.5,1.4,1.1,1.73,0.386,465
2022-08-11T00:00:00.000Z,0.5,3.63,1.23,1,1.6,0.391,456
2022-08-12T00:00:00.000Z,0.63,6.5,1.75,1.57,1.93,0.459,541
2022-08-13T00:00:00.000Z,0.8,9.6,1.63,1.4,2.5,1.398,554
2022-08-14T00:00:00.000Z,0.7,4.5,1.6,1.2,2.1,0.706,531
2022-08-15T00:00:00.000Z,3.4,10.19,5.43,4.23,6.63,1.733,446
2022-08-16T00:00:00.000Z,5.68,18.92,9.25,7.7,10.17,1.763,557
2022-08-17T00:00:00.000Z,5.4,18.5,9.52,6.85,12.32,3.732,431
2022-08-18T00:00:00.000Z,4.38,13.53,8.77,7.35,10.77,2.051,463
2022-08-19T00:00:00.000Z,4.09,17.39,9.38,5.4,13.3,4.16,567
2022-08-20T00:00:00.000Z,0.6,20.23,8.52,5.93,11.13,5.081,531
2022-08-21T00:00:00.000Z,0.5,2.06,1.23,1,1.47,0.328,512
2022-08-22T00:00:00.000Z,0.3,1.97,1.1,0.56,1.4,0.43,361
2022-08-23T00:00:00.000Z,0.5,2.87,1.5,1.17,1.77,0.427,503
2022-08-24T00:00:00.000Z,0.2,3.9,1,0.5,1.5,0.602,469
2022-08-25T00:00:00.000Z,0.4,5.09,0.98,0.7,1.47,0.668,507
2022-08-26T00:00:00.000Z,1.2,7.13,1.9,1.6,3.01,1.393,540
2022-08-27T00:00:00.000Z,1.12,12.13,7.9,7.23,8.4,2.236,538
2022-08-28T00:00:00.000Z,0.27,2.4,0.9,0.6,1.33,0.478,532
2022-08-29T00:00:00.000Z,0.1,1.23,0.4,0.25,0.67,0.26,525
2022-08-30T00:00:00.000Z,0.17,3.9,0.4,0.3,0.5,0.28,530
2022-08-31T00:00:00.000Z,0.1,5.27,0.4,0.3,0.6,0.374,524
2022-09-01T00:00:00.000Z,0.03,3.8,0.4,0.3,0.56,0.351,471
2022-09-02T00:00:00.000Z,0.1,3.47,0.3,0.2,0.6,0.422,472
2022-09-03T00:00:00.000Z,0.2,5.73,0.9,0.5,1.12,0.643,392
2022-09-04T00:00:00.000Z,0.17,2.13,0.9,0.4,1.3,0.512,239
2022-09-05T00:00:00.000Z,0.2,1.9,1,0.5,1.2,0.383,347
2022-09-06T00:00:00.000Z,0.4,3.23,0.9,0.7,1.2,0.414,533
2022-09-07T00:00:00.000Z,0,2.8,0.33,0.2,1,0.485,492
2022-09-08T00:00:00.000Z,0.23,2.2,0.6,0.43,0.8,0.262,367
2022-09-09T00:00:00.000Z,0.2,2.23,0.7,0.5,1.1,0.468,508
2022-09-10T00:00:00.000Z,0.7,5.3,1.4,1.2,1.63,0.459,515
2022-09-11T00:00:00.000Z,1.1,3.8,1.63,1.4,2.1,0.617,518
2022-09-12T00:00:00.000Z,1.1,6.27,1.9,1.6,2.67,1.073,453
2022-09-13T00:00:00.000Z,0.6,11.4,1.6,1.3,1.97,0.761,491
2022-09-14T00:00:00.000Z,0.03,2.83,0.5,0.3,0.7,0.294,501
2022-09-15T00:00:00.000Z,0,4.53,0.37,0.23,0.5,0.412,508
2022-09-16T00:00:00.000Z,0.1,2.4,0.53,0.4,0.77,0.474,493
2022-09-17T00:00:00.000Z,0.2,12.13,0.4,0.3,0.8,0.649,496
2022-09-18T00:00:00.000Z,0.1,2,0.6,0.4,0.8,0.335,505
2022-09-19T00:00:00.000Z,0.1,2.1,0.4,0.3,0.5,0.176,491
2022-09-20T00:00:00.000Z,0.1,49.77,0.4,0.3,0.8,2.83,436
2022-09-21T00:00:00.000Z,0.1,6.87,0.7,0.4,1.59,0.988,465
2022-09-22T00:00:00.000Z,0.3,2.67,1.12,0.67,1.4,0.463,506
2022-09-23T00:00:00.000Z,0.4,12.57,1.4,1,2.7,1.867,502
2022-09-24T00:00:00.000Z,0.9,8.69,3.17,1.79,3.77,1.395,520
2022-09-25T00:00:00.000Z,0.8,5.9,3.4,1.4,4,1.33,499
2022-09-26T00:00:00.000Z,1.2,8.97,3.33,2.6,4.09,1.229,486
2022-09-27T00:00:00.000Z,0.8,12.57,6.67,1.5,8.02,3.463,497
2022-09-28T00:00:00.000Z,0.53,9.36,2.29,1.32,3.09,1.796,488
2022-09-29T00:00:00.000Z,0.5,4.43,1.3,0.9,1.9,0.675,498
2022-09-30T00:00:00.000Z,0.8,4.57,1.47,1.17,2,0.692,482
2022-10-01T00:00:00.000Z,1.1,14.6,3.07,2.1,5.47,3.164,431
2022-10-02T00:00:00.000Z,2.8,17,11.1,7.77,12.73,3.086,246
2022-10-03T00:00:00.000Z,1.1,16,5.7,4.23,9.52,3.427,262
2022-10-04T00:00:00.000Z,0.3,3.2,0.9,0.7,1.5,0.506,319
2022-10-05T00:00:00.000Z,0.7,6.37,1.93,1.27,2.6,0.743,337
2022-10-06T00:00:00.000Z,0.1,2.8,1.07,0.6,1.7,0.636,519
2022-10-07T00:00:00.000Z,0.8,2.8,1.67,1.3,2,0.418,518
2022-10-08T00:00:00.000Z,0.27,5.9,0.9,0.7,1.17,0.444,516
2022-10-09T00:00:00.000Z,0.1,1.8,0.43,0.3,0.6,0.251,531
2022-10-10T00:00:00.000Z,0.4,7.9,1.2,0.9,2.25,1.01,520
2022-10-11T00:00:00.000Z,0.1,4.26,0.6,0.3,1.3,1.148,511
2022-10-12T00:00:00.000Z,0.1,4.97,0.67,0.3,1.3,0.769,515
2022-10-13T00:00:00.000Z,0.83,5.57,2.2,1.6,3.5,1.094,533
2022-10-14T00:00:00.000Z,3.87,14.1,7.1,5.83,8.1,1.743,510
2022-10-15T00:00:00.000Z,3.47,37.17,16.93,7.37,21.02,6.943,521
2022-10-16T00:00:00.000Z,0.3,12.2,2.1,0.9,6.8,3.46,402
2022-10-17T00:00:00.000Z,0.3,5.7,0.97,0.77,1.5,0.64,523
2022-10-18T00:00:00.000Z,0.2,3.57,0.8,0.5,1,0.372,345
2022-10-21T00:00:00.000Z,0.5,8.69,1.8,1.2,3.3,1.25,497
2022-10-22T00:00:00.000Z,2,28.27,4.2,3,7.8,5.595,533
2022-10-23T00:00:00.000Z,0.33,23.1,3.87,3.22,4.5,2.021,533
2022-10-24T00:00:00.000Z,0.2,5.03,1.1,0.6,1.73,0.962,500
2022-10-25T00:00:00.000Z,0.2,12.3,3.47,1.07,8.5,3.618,511
2022-10-26T00:00:00.000Z,0.2,2.63,0.9,0.5,1.47,0.555,522
2022-10-27T00:00:00.000Z,1.3,5.43,2.7,2.2,3.15,0.803,512
2022-10-28T00:00:00.000Z,0.3,7.1,3.5,2.92,4.59,1.481,485
2022-10-29T00:00:00.000Z,0.1,9,0.8,0.5,1.49,2.162,508
2022-10-30T00:00:00.000Z,0.1,10.4,0.43,0.3,4.5,2.434,510
2022-10-31T00:00:00.000Z,2.2,9.3,4,3.47,4.8,1.422,511
2022-11-01T00:00:00.000Z,0.9,5.47,2.02,1.57,2.6,0.939,510
2022-11-02T00:00:00.000Z,2.33,10.9,4.57,3.83,5.33,1.122,499
2022-11-03T00:00:00.000Z,0.9,5.7,2.4,1.7,3.23,0.894,539
2022-11-04T00:00:00.000Z,0.7,4.3,1.67,1.37,2.87,0.977,501
2022-11-05T00:00:00.000Z,0.53,9.23,2.17,1.6,2.63,1.033,512
2022-11-06T00:00:00.000Z,0.4,3.83,1.6,0.9,2,0.655,509
2022-11-07T00:00:00.000Z,0.2,5.7,3.2,1.77,3.73,1.269,535
2022-11-08T00:00:00.000Z,0.1,9.83,1,0.39,4.2,2.025,517
2022-11-09T00:00:00.000Z,1.87,6.9,3.7,3.05,5.03,1.22,529
2022-11-10T00:00:00.000Z,0.7,9.77,2,1.47,2.73,0.848,526
2022-11-11T00:00:00.000Z,0.2,3.07,1.17,0.8,1.53,0.484,496
2022-11-12T00:00:00.000Z,0.8,9.86,1.83,1.57,2.2,0.812,522
2022-11-13T00:00:00.000Z,0.77,22.97,2.29,1.4,4.88,4.275,537
2022-11-14T00:00:00.000Z,0.2,6.47,2.37,0.7,3.53,1.676,521
2022-11-15T00:00:00.000Z,0.2,2.23,0.67,0.43,0.83,0.341,514
2022-11-16T00:00:00.000Z,0.3,1.9,0.8,0.63,0.93,0.228,510
2022-11-17T00:00:00.000Z,0.1,2.67,0.6,0.47,0.9,0.414,516
2022-11-18T00:00:00.000Z,0.2,1.77,0.7,0.5,0.97,0.302,518
2022-11-19T00:00:00.000Z,0.2,3.7,0.7,0.5,2,0.845,510
2022-11-20T00:00:00.000Z,0.3,3.67,1,0.73,1.2,0.473,534
2022-11-21T00:00:00.000Z,0.9,6.4,3.93,2.5,4.59,1.284,515
2022-11-22T00:00:00.000Z,1.8,7.3,4.09,3.5,5.67,1.304,514
2022-11-23T00:00:00.000Z,0.6,4.9,1.77,1.37,2.5,0.749,518
2022-11-24T00:00:00.000Z,0.7,3.93,2.1,1.4,2.73,0.764,510
2022-11-25T00:00:00.000Z,0.63,7.4,2.54,1.2,4.59,1.794,514
2022-11-26T00:00:00.000Z,1.87,5.7,3.7,3.09,4.2,0.763,521
2022-11-27T00:00:00.000Z,2,9.1,4.43,3.2,5.13,1.148,518
2022-11-28T00:00:00.000Z,1.7,8.4,4.8,3.7,5.94,1.516,496
2022-11-29T00:00:00.000Z,1.7,6.37,3.99,2.67,4.76,1.164,436
2022-11-30T00:00:00.000Z,2.4,6.47,4.17,3.63,4.57,0.692,520
2022-12-01T00:00:00.000Z,2.9,6.53,4.73,4.37,5.3,0.677,473
2022-12-02T00:00:00.000Z,3,9.27,6.67,5.43,7.67,1.57,563
2022-12-03T00:00:00.000Z,2.06,6.07,3.4,3,4.59,0.966,546
2022-12-04T00:00:00.000Z,0,3.73,0,0,2.33,1.218,525
2022-12-05T00:00:00.000Z,0,0.1,0,0,0,0.014,496
2022-12-06T00:00:00.000Z,0,0.2,0,0,0,0.029,520
2022-12-07T00:00:00.000Z,0,0.1,0,0,0,0.033,516
2022-12-08T00:00:00.000Z,0,0.2,0,0,0,0.039,525
2022-12-09T00:00:00.000Z,0,0.13,0,0,0,0.031,495
2022-12-10T00:00:00.000Z,0,0.1,0,0,0,0.03,524
2022-12-11T00:00:00.000Z,0,0.1,0,0,0,0.038,536
2022-12-12T00:00:00.000Z,0,0.1,0,0,0,0.027,499
2022-12-13T00:00:00.000Z,0,0.17,0,0,0.1,0.045,512
2022-12-14T00:00:00.000Z,0,0.1,0,0,0,0.037,499
2022-12-15T00:00:00.000Z,0,0.2,0,0,0.1,0.049,507
2022-12-16T00:00:00.000Z,0,0.1,0,0,0,0.038,481
2022-12-17T00:00:00.000Z,0,0.17,0,0,0,0.031,500
2022-12-18T00:00:00.000Z,0,0.1,0,0,0,0.01,511
2022-12-19T00:00:00.000Z,0,0.1,0,0,0,0.01,502
2022-12-20T00:00:00.000Z,0,0.3,0,0,0,0.036,525
2022-12-21T00:00:00.000Z,0,0,0,0,0,0,470
2022-12-22T00:00:00.000Z,0,0.07,0,0,0,0.003,511
2022-12-23T00:00:00.000Z,0,0.1,0,0,0,0.031,375
2022-12-24T00:00:00.000Z,0,0.1,0,0,0.07,0.043,464
2022-12-25T00:00:00.000Z,0,0.2,0,0,0.03,0.042,475
2022-12-26T00:00:00.000Z,0,0.1,0,0,0,0.007,389
2022-12-27T00:00:00.000Z,0,0.1,0,0,0,0.012,430
2022-12-28T00:00:00.000Z,0,0.1,0,0,0,0.029,461
2022-12-29T00:00:00.000Z,0,0.4,0,0,0,0.039,516
2022-12-30T00:00:00.000Z,0,0,0,0,0,0,430
2022-12-31T00:00:00.000Z,0,0.07,0,0,0,0.003,452
2023-01-01T00:00:00.000Z,0,0.1,0,0,0,0.019,489
2023-01-02T00:00:00.000Z,0,0.13,0,0,0,0.013,504
2023-01-03T00:00:00.000Z,0,0.1,0,0,0,0.027,411
2023-01-04T00:00:00.000Z,0,0.1,0,0,0,0.031,467
2023-01-05T00:00:00.000Z,0,0.1,0,0,0,0.039,496
2023-01-06T00:00:00.000Z,0,0.2,0,0,0.03,0.043,494
2023-01-07T00:00:00.000Z,0,0.1,0,0,0,0.028,503
2023-01-08T00:00:00.000Z,0,0.07,0,0,0,0.004,537
2023-01-09T00:00:00.000Z,0,0.17,0,0,0,0.026,508
2023-01-10T00:00:00.000Z,0,0.1,0,0,0,0.005,513
2023-01-11T00:00:00.000Z,0,0,0,0,0,0,482
2023-01-12T00:00:00.000Z,0,0,0,0,0,0,524
2023-01-13T00:00:00.000Z,0,0.03,0,0,0,0.001,463
2023-01-14T00:00:00.000Z,0,0,0,0,0,0,520
2023-01-15T00:00:00.000Z,0,0.1,0,0,0,0.005,443
2023-01-16T00:00:00.000Z,0,0,0,0,0,0,486
2023-01-17T00:00:00.000Z,0,0,0,0,0,0,499
2023-01-18T00:00:00.000Z,0,0.1,0,0,0,0.005,424
2023-01-19T00:00:00.000Z,0,0.1,0,0,0,0.024,548
2023-01-20T00:00:00.000Z,0,0.4,0,0,0,0.042,523
2023-01-21T00:00:00.000Z,0,0.3,0,0,0,0.035,507
2023-01-22T00:00:00.000Z,0,0.4,0,0,0,0.048,545
2023-01-23T00:00:00.000Z,0,0.1,0,0,0,0.038,440
2023-01-24T00:00:00.000Z,0,0.1,0,0,0,0.01,513
2023-01-25T00:00:00.000Z,0,0,0,0,0,0,478
2023-01-26T00:00:00.000Z,0,0.2,0,0,0,0.028,526
2023-01-27T00:00:00.000Z,0,0.1,0,0,0,0.037,403
2023-01-28T00:00:00.000Z,0,0.1,0,0,0,0.019,519
2023-01-29T00:00:00.000Z,0,0.1,0,0,0,0.013,504
2023-01-30T00:00:00.000Z,0,0.1,0,0,0,0.008,487
2023-01-31T00:00:00.000Z,0,0.17,0,0,0,0.04,472
2023-02-01T00:00:00.000Z,0,0.1,0,0,0.03,0.041,498
2023-02-02T00:00:00.000Z,0,0.13,0,0,0.1,0.046,494
2023-02-03T00:00:00.000Z,0,0.2,0,0,0.1,0.052,389
2023-02-04T00:00:00.000Z,0,0.2,0,0,0.1,0.049,555
2023-02-05T00:00:00.000Z,0,0.17,0,0,0.07,0.043,460
2023-02-06T00:00:00.000Z,0,0.1,0,0,0.07,0.043,437
2023-02-07T00:00:00.000Z,0,0.1,0,0,0,0.018,447
2023-02-08T00:00:00.000Z,0,0.1,0,0,0,0.01,406
2023-02-09T00:00:00.000Z,0,0.1,0,0,0,0.011,448
2023-02-10T00:00:00.000Z,0,0.2,0,0,0,0.031,473
2023-02-11T00:00:00.000Z,0,0.1,0,0,0,0.039,420
2023-02-12T00:00:00.000Z,0,0.1,0,0,0,0.026,506
2023-02-13T00:00:00.000Z,0,0.1,0,0,0,0.009,377
2023-02-14T00:00:00.000Z,0,0.1,0,0,0,0.005,422
2023-02-15T00:00:00.000Z,0,0.1,0,0,0,0.008,383
2023-02-16T00:00:00.000Z,0,0.1,0,0,0,0.014,414
2023-02-17T00:00:00.000Z,0,0,0,0,0,0,386
2023-02-18T00:00:00.000Z,0,0.1,0,0,0,0.015,503
2023-02-19T00:00:00.000Z,0,0.1,0,0,0,0.035,435
2023-02-20T00:00:00.000Z,0,0.1,0,0,0,0.032,509
2023-02-21T00:00:00.000Z,0,0.13,0,0,0,0.039,500
2023-02-22T00:00:00.000Z,0,0.13,0,0,0,0.039,400
2023-02-23T00:00:00.000Z,0,0.1,0,0,0,0.024,377
2023-02-24T00:00:00.000Z,0,0.1,0,0,0,0.017,505
2023-02-25T00:00:00.000Z,0,0.1,0,0,0,0.025,416
2023-02-26T00:00:00.000Z,0,0.1,0,0,0,0.022,494
2023-02-27T00:00:00.000Z,0,0.1,0,0,0,0.009,448
2023-02-28T00:00:00.000Z,0,0.1,0,0,0,0.006,261
2023-03-01T00:00:00.000Z,0,0.1,0,0,0,0.015,525
2023-03-02T00:00:00.000Z,0,0.1,0,0,0,0.013,533
2023-03-03T00:00:00.000Z,0,0.1,0,0,0,0.014,394
2023-03-04T00:00:00.000Z,0,0.2,0,0,0.03,0.043,533
2023-03-05T00:00:00.000Z,0,0.2,0,0,0.1,0.045,540
2023-03-06T00:00:00.000Z,0,0.17,0,0,0.1,0.049,518
2023-03-07T00:00:00.000Z,0,0.2,0,0,0.1,0.049,509
2023-03-08T00:00:00.000Z,0,0.2,0,0,0.03,0.043,540
2023-03-09T00:00:00.000Z,0,0.2,0,0,0.1,0.049,462
2023-03-10T00:00:00.000Z,0,0.13,0,0,0.03,0.041,546
2023-03-11T00:00:00.000Z,0,0.13,0,0,0.1,0.045,536
2023-03-12T00:00:00.000Z,0,0.2,0,0,0.07,0.045,523
2023-03-13T00:00:00.000Z,0,0.2,0,0,0,0.031,536
2023-03-14T00:00:00.000Z,0,0.1,0,0,0,0.013,403
2023-03-15T00:00:00.000Z,0,0.1,0,0,0,0.021,534
2023-03-16T00:00:00.000Z,0,0.2,0,0,0,0.036,530
2023-03-17T00:00:00.000Z,0,0.1,0,0,0,0.024,540
2023-03-18T00:00:00.000Z,0,0.4,0,0,0,0.057,431
2023-03-19T00:00:00.000Z,0,0.23,0,0,0,0.029,524
2023-03-20T00:00:00.000Z,0,0.2,0,0,0,0.012,490
2023-03-21T00:00:00.000Z,0,1.17,0,0,0.1,0.167,533
2023-03-22T00:00:00.000Z,0,0.1,0,0,0,0.004,523
2023-03-23T00:00:00.000Z,0,0.1,0,0,0,0.009,521
2023-03-24T00:00:00.000Z,0,0.03,0,0,0,0.001,506
2023-03-25T00:00:00.000Z,0,0.1,0,0,0,0.015,502
2023-03-26T00:00:00.000Z,0,0.1,0,0,0,0.025,397
2023-03-27T00:00:00.000Z,0,0.1,0,0,0,0.035,451
2023-03-28T00:00:00.000Z,0,0.13,0,0,0,0.04,510
2023-03-29T00:00:00.000Z,0,0.2,0,0,0.07,0.045,439
2023-03-30T00:00:00.000Z,0,0.17,0,0,0,0.028,509
2023-03-31T00:00:00.000Z,0,0.13,0,0,0,0.029,496
2023-04-01T00:00:00.000Z,0,0.2,0,0,0.07,0.045,331
2023-04-02T00:00:00.000Z,0,0.1,0,0,0,0.031,439
2023-04-03T00:00:00.000Z,0,0.2,0,0,0,0.032,527
2023-04-04T00:00:00.000Z,0,0.13,0,0,0,0.032,569
2023-04-05T00:00:00.000Z,0,0.1,0,0,0,0.027,558
2023-04-06T00:00:00.000Z,0,0.1,0,0,0,0.009,582
2023-04-07T00:00:00.000Z,0,0.03,0,0,0,0.001,551
2023-04-08T00:00:00.000Z,0,0.1,0,0,0,0.013,574
2023-04-09T00:00:00.000Z,0,0.2,0,0,0,0.015,575
2023-04-10T00:00:00.000Z,0,0.1,0,0,0,0.01,472
2023-04-11T00:00:00.000Z,0,0.13,0,0,0,0.012,570
2023-04-12T00:00:00.000Z,0,0.1,0,0,0,0.005,569
2023-04-13T00:00:00.000Z,0,0,0,0,0,0,577
2023-04-14T00:00:00.000Z,0,0,0,0,0,0,572
2023-04-15T00:00:00.000Z,0,0,0,0,0,0,576
2023-04-16T00:00:00.000Z,0,0.1,0,0,0,0.004,581
2023-04-17T00:00:00.000Z,0,0.1,0,0,0,0.008,573
2023-04-18T00:00:00.000Z,0,0.2,0,0,0,0.012,573
2023-04-19T00:00:00.000Z,0,0.1,0,0,0,0.005,489
2023-04-20T00:00:00.000Z,0,0.1,0,0,0,0.007,585
2023-04-21T00:00:00.000Z,0,0.1,0,0,0,0.006,519
2023-04-22T00:00:00.000Z,0,0,0,0,0,0,513
2023-04-23T00:00:00.000Z,0,0,0,0,0,0,373
2023-04-24T00:00:00.000Z,0,0,0,0,0,0,569
2023-04-25T00:00:00.000Z,0,0.1,0,0,0,0.004,578
2023-04-26T00:00:00.000Z,0,0.1,0,0,0,0.011,572
2023-04-27T00:00:00.000Z,0,0,0,0,0,0,581
2023-04-28T00:00:00.000Z,0,0,0,0,0,0,392
2023-04-29T00:00:00.000Z,0,0.1,0,0,0,0.004,562
2023-04-30T00:00:00.000Z,0,0.1,0,0,0,0.005,412
2023-05-01T00:00:00.000Z,0,0.1,0,0,0,0.004,556
2023-05-02T00:00:00.000Z,0,0,0,0,0,0,564
2023-05-03T00:00:00.000Z,0,0,0,0,0,0,409
2023-05-04T00:00:00.000Z,0,0.1,0,0,0,0.006,572
2023-05-05T00:00:00.000Z,0,0.1,0,0,0,0.01,399
2023-05-06T00:00:00.000Z,0,0.1,0,0,0,0.011,569
2023-05-07T00:00:00.000Z,0,0.1,0,0,0,0.007,450
2023-05-08T00:00:00.000Z,0,0,0,0,0,0,558
2023-05-09T00:00:00.000Z,0,0,0,0,0,0,573
2023-05-10T00:00:00.000Z,0,0,0,0,0,0,569
2023-05-11T00:00:00.000Z,0,0,0,0,0,0,565
2023-05-12T00:00:00.000Z,0,0,0,0,0,0,583
2023-05-13T00:00:00.000Z,0,0.1,0,0,0,0.005,568
2023-05-14T00:00:00.000Z,0,0.05,0,0,0,0.003,572
2023-05-15T00:00:00.000Z,0,0,0,0,0,0,567
2023-05-16T00:00:00.000Z,0,0,0,0,0,0,451
2023-05-17T00:00:00.000Z,0,0,0,0,0,0,559
2023-05-18T00:00:00.000Z,0,0.05,0,0,0,0.002,575
2023-05-19T00:00:00.000Z,0,0,0,0,0,0,569
2023-05-20T00:00:00.000Z,0,0,0,0,0,0,582
2023-05-21T00:00:00.000Z,0,0,0,0,0,0,569
2023-05-22T00:00:00.000Z,0,0.1,0,0,0,0.008,533
2023-05-23T00:00:00.000Z,0,0.08,0,0,0,0.004,569
2023-05-24T00:00:00.000Z,0,0.08,0,0,0,0.004,577
2023-05-25T00:00:00.000Z,0,0,0,0,0,0,530
2023-05-26T00:00:00.000Z,0,0,0,0,0,0,428
2023-05-27T00:00:00.000Z,0,0,0,0,0,0,461
2023-05-28T00:00:00.000Z,0,0,0,0,0,0,484
2023-05-29T00:00:00.000Z,0,0,0,0,0,0,501
2023-05-30T00:00:00.000Z,0,0.08,0,0,0,0.003,570
2023-05-31T00:00:00.000Z,0,0,0,0,0,0,351
2023-06-01T00:00:00.000Z,0,0,0,0,0,0,557
2023-06-02T00:00:00.000Z,0,0,0,0,0,0,566
2023-06-03T00:00:00.000Z,0,0,0,0,0,0,452
2023-06-04T00:00:00.000Z,0,0,0,0,0,0,577
2023-06-05T00:00:00.000Z,0,0.1,0,0,0,0.006,561
2023-06-06T00:00:00.000Z,0,0.1,0,0,0,0.005,355
2023-06-07T00:00:00.000Z,0,0.1,0,0,0,0.004,571
2023-06-08T00:00:00.000Z,0,0,0,0,0,0,433
2023-06-09T00:00:00.000Z,0,0,0,0,0,0,568
2023-06-10T00:00:00.000Z,0,0,0,0,0,0,576
2023-06-11T00:00:00.000Z,0,0.03,0,0,0,0.001,583
2023-06-12T00:00:00.000Z,0,0.1,0,0,0,0.007,578
2023-06-13T00:00:00.000Z,0,0.1,0,0,0,0.008,570
2023-06-14T00:00:00.000Z,0,0.1,0,0,0,0.012,566
2023-06-15T00:00:00.000Z,0,0.1,0,0,0,0.01,574
2023-06-16T00:00:00.000Z,0,0.1,0,0,0,0.007,576
2023-06-17T00:00:00.000Z,0,0.1,0,0,0,0.009,565
2023-06-18T00:00:00.000Z,0,0,0,0,0,0,573
2023-06-19T00:00:00.000Z,0,0,0,0,0,0,371
2023-06-20T00:00:00.000Z,0,0.1,0,0,0,0.027,569
2023-06-21T00:00:00.000Z,0,0.1,0,0,0,0.023,573
2023-06-22T00:00:00.000Z,0,0.1,0,0,0,0.021,562
2023-06-23T00:00:00.000Z,0,0.1,0,0,0,0.018,560
2023-06-24T00:00:00.000Z,0,0.1,0,0,0,0.013,572
2023-06-25T00:00:00.000Z,0,0.1,0,0,0,0.02,585
2023-06-26T00:00:00.000Z,0,0.1,0,0,0,0.01,499
2023-06-27T00:00:00.000Z,0,0.1,0,0,0,0.017,572
2023-06-28T00:00:00.000Z,0,0.1,0,0,0,0.018,581
2023-06-29T00:00:00.000Z,0,0.1,0,0,0,0.024,580
2023-06-30T00:00:00.000Z,0,0.1,0,0,0,0.009,581
2023-07-01T00:00:00.000Z,0,0.1,0,0,0,0.016,377
2023-07-02T00:00:00.000Z,0,0,0,0,0,0,580
2023-07-03T00:00:00.000Z,0,0,0,0,0,0,552
2023-07-04T00:00:00.000Z,0,0.1,0,0,0,0.008,411
2023-07-05T00:00:00.000Z,0,0.1,0,0,0,0.015,540
2023-07-06T00:00:00.000Z,0,0,0,0,0,0,278
2023-07-07T00:00:00.000Z,0,0.1,0,0,0,0.007,518
2023-07-08T00:00:00.000Z,0,0.1,0,0,0,0.007,215
2023-07-15T00:00:00.000Z,0,0.1,0,0,0,0.026,356
2023-07-16T00:00:00.000Z,0,0.08,0,0,0,0.003,580
2023-07-17T00:00:00.000Z,0,0.1,0,0,0,0.02,382
2023-07-18T00:00:00.000Z,0,0.1,0,0,0,0.011,577
2023-07-19T00:00:00.000Z,0,0.4,0,0,0,0.041,469
2023-07-20T00:00:00.000Z,0,0.1,0,0,0,0.034,564
2023-07-21T00:00:00.000Z,0,0.1,0,0,0,0.032,573
2023-07-22T00:00:00.000Z,0,0.1,0,0,0,0.031,575
2023-07-23T00:00:00.000Z,0,0.1,0,0,0,0.026,577
2023-07-24T00:00:00.000Z,0,0.1,0,0,0,0.03,562
2023-07-25T00:00:00.000Z,0,0,0,0,0,0,576
2023-07-26T00:00:00.000Z,0,0,0,0,0,0,580
2023-07-27T00:00:00.000Z,0,0,0,0,0,0,571
2023-07-28T00:00:00.000Z,0,0,0,0,0,0,576
2023-07-29T00:00:00.000Z,0,0,0,0,0,0,575
2023-07-30T00:00:00.000Z,0,0,0,0,0,0,579
2023-07-31T00:00:00.000Z,0,0,0,0,0,0,579
2023-08-01T00:00:00.000Z,0,0,0,0,0,0,567
2023-08-02T00:00:00.000Z,0,0.1,0,0,0,0.007,551
2023-08-03T00:00:00.000Z,0,0.1,0,0,0,0.004,563
2023-08-04T00:00:00.000Z,0,0.1,0,0,0,0.006,579
2023-08-05T00:00:00.000Z,0,0.1,0,0,0,0.007,578
2023-08-06T00:00:00.000Z,0,0,0,0,0,0,558
2023-08-07T00:00:00.000Z,0,0.1,0,0,0,0.019,553
2023-08-08T00:00:00.000Z,0,0.03,0,0,0,0.002,556
2023-08-09T00:00:00.000Z,0,0,0,0,0,0,520
2023-08-10T00:00:00.000Z,0,0,0,0,0,0,536
2023-08-11T00:00:00.000Z,0,0.1,0,0,0,0.004,566
2023-08-12T00:00:00.000Z,0,0.1,0,0,0,0.01,575
2023-08-13T00:00:00.000Z,0,0.1,0,0,0,0.007,580
2023-08-14T00:00:00.000Z,0,0.1,0,0,0,0.016,578
2023-08-15T00:00:00.000Z,0,0.1,0,0,0,0.021,581
2023-08-16T00:00:00.000Z,0,0.1,0,0,0,0.017,581
2023-08-17T00:00:00.000Z,0,0.1,0,0,0,0.008,576
2023-08-18T00:00:00.000Z,0,0.2,0,0,0,0.02,580
2023-08-19T00:00:00.000Z,0,0.17,0,0,0,0.024,576
2023-08-20T00:00:00.000Z,0,0.1,0,0,0,0.012,559
2023-08-21T00:00:00.000Z,0,0.1,0,0,0,0.013,559
2023-08-22T00:00:00.000Z,0,0.1,0,0,0,0.011,578
2023-08-23T00:00:00.000Z,0,0.2,0,0,0,0.026,580
2023-08-24T00:00:00.000Z,0,0.1,0,0,0,0.01,576
2023-08-25T00:00:00.000Z,0,0.1,0,0,0,0.004,571
2023-08-26T00:00:00.000Z,0,4.43,0,0,0,0.243,573
2023-08-27T00:00:00.000Z,0,0.1,0,0,0,0.008,538
2023-08-28T00:00:00.000Z,0,0.1,0,0,0,0.007,561
2023-08-29T00:00:00.000Z,0,0.1,0,0,0,0.009,498
2023-08-30T00:00:00.000Z,0,12.6,0,0,0,0.525,576
2023-08-31T00:00:00.000Z,0,0,0,0,0,0,575
2023-09-01T00:00:00.000Z,0,0,0,0,0,0,404
2023-09-02T00:00:00.000Z,0,3.2,0,0,0,0.185,298
2023-09-03T00:00:00.000Z,0,37.67,0,0,0,2.944,356
2023-09-04T00:00:00.000Z,0,0.1,0,0,0,0.013,331
2023-09-05T00:00:00.000Z,0,0.1,0,0,0,0.012,415
2023-09-06T00:00:00.000Z,0,55.1,0,0,0,3.403,397
2023-09-07T00:00:00.000Z,0,0.1,0,0,0,0.006,584
2023-09-08T00:00:00.000Z,0,0.1,0,0,0,0.004,549
2023-09-09T00:00:00.000Z,0,0.07,0,0,0,0.005,204
2023-09-10T00:00:00.000Z,0,0.1,0,0,0,0.013,325
2023-09-11T00:00:00.000Z,0,0.1,0,0,0,0.016,388
2023-09-12T00:00:00.000Z,0,0.1,0,0,0,0.007,425
2023-09-13T00:00:00.000Z,0,0,0,0,0,0,317
2023-09-14T00:00:00.000Z,0,0,0,0,0,0,420
2023-09-15T00:00:00.000Z,0,0,0,0,0,0,213
2023-09-16T00:00:00.000Z,0,0,0,0,0,0,247
2023-09-17T00:00:00.000Z,0,0,0,0,0,0,568
2023-09-18T00:00:00.000Z,0,0,0,0,0,0,549
2023-09-19T00:00:00.000Z,0,0.1,0,0,0,0.005,555
2023-09-20T00:00:00.000Z,0,0,0,0,0,0,528
2023-09-21T00:00:00.000Z,0,0.1,0,0,0,0.011,580
2023-09-22T00:00:00.000Z,0,0.1,0,0,0,0.005,572
2023-09-23T00:00:00.000Z,0,0,0,0,0,0,580
2023-09-24T00:00:00.000Z,0,0,0,0,0,0,571
2023-09-25T00:00:00.000Z,0,0,0,0,0,0,581
2023-09-26T00:00:00.000Z,0,0.1,0,0,0,0.004,549
2023-09-27T00:00:00.000Z,0,8.67,0,0,0,0.363,571
2023-09-28T00:00:00.000Z,0,21.97,0,0,0,1.643,582
2023-09-29T00:00:00.000Z,0,0.1,0,0,0,0.004,543
2023-09-30T00:00:00.000Z,0,0,0,0,0,0,565
2023-10-01T00:00:00.000Z,0,0,0,0,0,0,543
2023-10-02T00:00:00.000Z,0,0.07,0,0,0,0.004,544
2023-10-03T00:00:00.000Z,0,0,0,0,0,0,569
2023-10-04T00:00:00.000Z,0,0,0,0,0,0,576
2023-10-05T00:00:00.000Z,0,0,0,0,0,0,572
2023-10-06T00:00:00.000Z,0,0.07,0,0,0,0.003,565
2023-10-07T00:00:00.000Z,0,0,0,0,0,0,567
2023-10-08T00:00:00.000Z,0,0,0,0,0,0,569
2023-10-09T00:00:00.000Z,0,0.1,0,0,0,0.004,551
2023-10-10T00:00:00.000Z,0,0.1,0,0,0,0.004,546
2023-10-11T00:00:00.000Z,0,0,0,0,0,0,558
2023-10-12T00:00:00.000Z,0,0,0,0,0,0,559
2023-10-13T00:00:00.000Z,0,0.03,0,0,0,0.001,554
2023-10-14T00:00:00.000Z,0,0,0,0,0,0,569
2023-10-15T00:00:00.000Z,0,0,0,0,0,0,572
2023-10-16T00:00:00.000Z,0,0.1,0,0,0,0.004,567
2023-10-17T00:00:00.000Z,0,0.1,0,0,0,0.01,564
2023-10-18T00:00:00.000Z,0,0,0,0,0,0,549
2023-10-19T00:00:00.000Z,0,0.1,0,0,0,0.004,554
2023-10-20T00:00:00.000Z,0,0,0,0,0,0,578
2023-10-21T00:00:00.000Z,0,0,0,0,0,0,579
2023-10-22T00:00:00.000Z,0,0,0,0,0,0,570
2023-10-23T00:00:00.000Z,0,0,0,0,0,0,578
2023-10-24T00:00:00.000Z,0,0,0,0,0,0,573
2023-10-25T00:00:00.000Z,0,0,0,0,0,0,576
2023-10-26T00:00:00.000Z,0,0,0,0,0,0,574
2023-10-27T00:00:00.000Z,0,0,0,0,0,0,575
2023-10-28T00:00:00.000Z,0,0,0,0,0,0,581
2023-10-29T00:00:00.000Z,0,0.4,0,0,0,0.038,574
2023-10-30T00:00:00.000Z,0,0,0,0,0,0,581
2023-10-31T00:00:00.000Z,0,0.1,0,0,0,0.005,584
2023-11-01T00:00:00.000Z,0,0.1,0,0,0,0.004,556
2023-11-02T00:00:00.000Z,0,0.1,0,0,0,0.004,550
2023-11-03T00:00:00.000Z,0,0,0,0,0,0,578
2023-11-04T00:00:00.000Z,0,0,0,0,0,0,583
2023-11-05T00:00:00.000Z,0,0,0,0,0,0,581
2023-11-06T00:00:00.000Z,0,0.17,0,0,0,0.012,573
2023-11-07T00:00:00.000Z,0,0.1,0,0,0,0.004,573
2023-11-08T00:00:00.000Z,0,0.2,0,0,0,0.014,577
2023-11-09T00:00:00.000Z,0,0,0,0,0,0,541
2023-11-10T00:00:00.000Z,0,0,0,0,0,0,568
2023-11-11T00:00:00.000Z,0,0.4,0,0,0,0.043,572
2023-11-12T00:00:00.000Z,0,0,0,0,0,0,350
2023-11-13T00:00:00.000Z,0,0,0,0,0,0,571
2023-11-14T00:00:00.000Z,0,0.03,0,0,0,0.001,574
2023-11-15T00:00:00.000Z,0,0,0,0,0,0,572
2023-11-16T00:00:00.000Z,0,0.1,0,0,0,0.006,575
2023-11-17T00:00:00.000Z,0,0,0,0,0,0,560
2023-11-18T00:00:00.000Z,0,0.1,0,0,0,0.027,562
2023-11-19T00:00:00.000Z,0,0.2,0,0,0,0.034,572
2023-11-20T00:00:00.000Z,0,0.1,0,0,0,0.008,574
2023-11-21T00:00:00.000Z,0,0.1,0,0,0,0.005,575
2023-11-22T00:00:00.000Z,0,0.1,0,0,0,0.016,580
2023-11-23T00:00:00.000Z,0,0,0,0,0,0,584
2023-11-24T00:00:00.000Z,0,0.1,0,0,0,0.01,578
2023-11-25T00:00:00.000Z,0,0.1,0,0,0,0.013,573
2023-11-26T00:00:00.000Z,0,0.1,0,0,0,0.014,571
2023-11-27T00:00:00.000Z,0,0.1,0,0,0,0.035,578
2023-11-28T00:00:00.000Z,0,0.1,0,0,0,0.017,582
2023-11-29T00:00:00.000Z,0,0.1,0,0,0,0.017,580
2023-11-30T00:00:00.000Z,0,0.1,0,0,0,0.026,585
2023-12-01T00:00:00.000Z,0,0.1,0,0,0,0.027,577
2023-12-02T00:00:00.000Z,0,0.1,0,0,0,0.033,526
2023-12-03T00:00:00.000Z,0,0.1,0,0,0,0.031,581
2023-12-04T00:00:00.000Z,0,0.2,0,0,0.1,0.045,580
2023-12-05T00:00:00.000Z,0,0.2,0.1,0.03,0.1,0.048,575
2023-12-06T00:00:00.000Z,0,0.2,0.07,0,0.1,0.051,579
2023-12-07T00:00:00.000Z,0,0.1,0,0,0,0.031,580
2023-12-08T00:00:00.000Z,0,0.1,0,0,0,0.005,580
2023-12-09T00:00:00.000Z,0,0.1,0,0,0,0.007,584
2023-12-10T00:00:00.000Z,0,0.1,0,0,0,0.006,585
2023-12-11T00:00:00.000Z,0,0.1,0,0,0,0.008,579
2023-12-12T00:00:00.000Z,0,0.1,0,0,0,0.01,582
2023-12-13T00:00:00.000Z,0,0.1,0,0,0,0.008,585
2023-12-14T00:00:00.000Z,0,0.1,0,0,0,0.028,581
2023-12-15T00:00:00.000Z,0,0.2,0,0,0,0.025,581
2023-12-16T00:00:00.000Z,0,0.1,0,0,0,0.008,580
2023-12-17T00:00:00.000Z,0,0.03,0,0,0,0.002,587
2023-12-18T00:00:00.000Z,0,0.3,0,0,0,0.03,583
2023-12-19T00:00:00.000Z,0,0.17,0,0,0,0.012,579
2023-12-20T00:00:00.000Z,0,0.1,0,0,0,0.011,583
2023-12-21T00:00:00.000Z,0,0.1,0,0,0,0.005,584
2023-12-22T00:00:00.000Z,0,0.03,0,0,0,0.001,579
2023-12-23T00:00:00.000Z,0,0.1,0,0,0,0.008,583
2023-12-24T00:00:00.000Z,0,0.2,0,0,0,0.04,575
2023-12-25T00:00:00.000Z,0,0.1,0,0,0,0.014,584
2023-12-26T00:00:00.000Z,0,0.13,0,0,0,0.034,512
2023-12-27T00:00:00.000Z,0,0.1,0,0,0,0.03,581
2023-12-28T00:00:00.000Z,0,0.2,0,0,0,0.032,576
2023-12-29T00:00:00.000Z,0,0.1,0,0,0,0.008,576
2023-12-30T00:00:00.000Z,0,0.1,0,0,0,0.011,584
2023-12-31T00:00:00.000Z,0,0.1,0,0,0,0.019,574
2024-01-01T00:00:00.000Z,0,0.1,0,0,0,0.016,576
2024-01-02T00:00:00.000Z,0,0.1,0,0,0,0.017,483
2024-01-03T00:00:00.000Z,0,0.1,0,0,0,0.017,568
2024-01-04T00:00:00.000Z,0,0.1,0,0,0.07,0.042,579
2024-01-05T00:00:00.000Z,0,0.13,0,0,0,0.037,576
2024-01-06T00:00:00.000Z,0,0.2,0,0,0.1,0.045,583
2024-01-07T00:00:00.000Z,0,0.3,0.1,0,0.1,0.055,583
2024-01-08T00:00:00.000Z,0,0.2,0,0,0.1,0.049,581
2024-01-09T00:00:00.000Z,0,0.1,0,0,0,0.016,585
2024-01-10T00:00:00.000Z,0,0.1,0,0,0,0.004,577
2024-01-11T00:00:00.000Z,0,0.03,0,0,0,0.001,584
2024-01-12T00:00:00.000Z,0,0.1,0,0,0,0.013,585
2024-01-13T00:00:00.000Z,0,0.1,0,0,0,0.008,580
2024-01-14T00:00:00.000Z,0,0.1,0,0,0,0.014,574
2024-01-15T00:00:00.000Z,0,0.1,0,0,0,0.032,580
2024-01-16T00:00:00.000Z,0,0.27,0.1,0,0.1,0.053,573
2024-01-17T00:00:00.000Z,0,0.2,0,0,0,0.039,581
2024-01-18T00:00:00.000Z,0,0.1,0,0,0,0.035,582
2024-01-19T00:00:00.000Z,0,0.3,0.1,0,0.1,0.06,577
2024-01-20T00:00:00.000Z,0,0.3,0.1,0.03,0.1,0.059,584
2024-01-21T00:00:00.000Z,0,0.1,0,0,0,0.022,580
2024-01-22T00:00:00.000Z,0,0,0,0,0,0,580
2024-01-23T00:00:00.000Z,0,0.1,0,0,0,0.004,580
2024-01-24T00:00:00.000Z,0,0.1,0,0,0,0.011,566
2024-01-25T00:00:00.000Z,0,0.1,0,0,0,0.027,585
2024-01-26T00:00:00.000Z,0,0.1,0,0,0,0.019,583
2024-01-27T00:00:00.000Z,0,0.1,0,0,0,0.012,585
2024-01-28T00:00:00.000Z,0,0,0,0,0,0,586
2024-01-29T00:00:00.000Z,0,0,0,0,0,0,583
2024-01-30T00:00:00.000Z,0,0.1,0,0,0,0.009,585
2024-01-31T00:00:00.000Z,0,0.23,0,0,0,0.032,587
2024-02-01T00:00:00.000Z,0,0,0,0,0,0,556
2024-02-02T00:00:00.000Z,0,0.1,0,0,0,0.005,529
2024-02-03T00:00:00.000Z,0,0,0,0,0,0,572
2024-02-04T00:00:00.000Z,0,0.1,0,0,0,0.016,574
2024-02-05T00:00:00.000Z,0,0.1,0,0,0,0.026,582
2024-02-06T00:00:00.000Z,0,0.1,0,0,0,0.03,584
2024-02-07T00:00:00.000Z,0,0.2,0,0,0.03,0.042,578
2024-02-08T00:00:00.000Z,0,0.2,0,0,0.1,0.05,555
2024-02-09T00:00:00.000Z,0,0.2,0,0,0.1,0.046,577
2024-02-10T00:00:00.000Z,0,0.2,0,0,0.07,0.044,578
2024-02-11T00:00:00.000Z,0,0.1,0,0,0,0.035,582
2024-02-12T00:00:00.000Z,0,0.17,0,0,0,0.033,576
2024-02-13T00:00:00.000Z,0,0.1,0,0,0,0.015,580
2024-02-14T00:00:00.000Z,0,0.1,0,0,0,0.017,583
2024-02-15T00:00:00.000Z,0,0.1,0,0,0,0.014,569
2024-02-16T00:00:00.000Z,0,0.8,0,0,0.1,0.104,579
2024-02-17T00:00:00.000Z,0,0.1,0,0,0,0.012,576
2024-02-18T00:00:00.000Z,0,0.1,0,0,0,0.018,577
2024-02-19T00:00:00.000Z,0,0,0,0,0,0,582
2024-02-20T00:00:00.000Z,0,0.07,0,0,0,0.004,581
2024-02-21T00:00:00.000Z,0,0.33,0,0,0,0.02,584
2024-02-22T00:00:00.000Z,0,0,0,0,0,0,581
2024-02-23T00:00:00.000Z,0,0,0,0,0,0,578
2024-02-24T00:00:00.000Z,0,0,0,0,0,0,579
2024-02-25T00:00:00.000Z,0,0,0,0,0,0,582
2024-02-26T00:00:00.000Z,0,0,0,0,0,0,579
2024-02-27T00:00:00.000Z,0,0,0,0,0,0,580
2024-02-28T00:00:00.000Z,0,0,0,0,0,0,585
2024-02-29T00:00:00.000Z,0,0,0,0,0,0,582
2024-03-01T00:00:00.000Z,0,0,0,0,0,0,537
2024-03-02T00:00:00.000Z,0,0,0,0,0,0,580
2024-03-03T00:00:00.000Z,0,0,0,0,0,0,581
2024-03-04T00:00:00.000Z,0,0.1,0,0,0,0.004,578
2024-03-05T00:00:00.000Z,0,0.1,0,0,0,0.004,577
2024-03-06T00:00:00.000Z,0,0.1,0,0,0,0.01,574
2024-03-07T00:00:00.000Z,0,0.1,0,0,0,0.014,564
2024-03-08T00:00:00.000Z,0,0.1,0,0,0,0.013,576
2024-03-09T00:00:00.000Z,0,0.1,0,0,0,0.007,576
2024-03-10T00:00:00.000Z,0,0.1,0,0,0,0.012,577
2024-03-11T00:00:00.000Z,0,0.1,0,0,0,0.021,557
2024-03-12T00:00:00.000Z,0,0.1,0,0,0,0.021,572
2024-03-13T00:00:00.000Z,0,0.1,0,0,0,0.013,577
2024-03-14T00:00:00.000Z,0,0,0,0,0,0,578
2024-03-15T00:00:00.000Z,0,0,0,0,0,0,579
2024-03-16T00:00:00.000Z,0,0,0,0,0,0,584
2024-03-17T00:00:00.000Z,0,0.1,0,0,0,0.016,575
2024-03-18T00:00:00.000Z,0,0.1,0,0,0,0.031,583
2024-03-19T00:00:00.000Z,0,0.1,0,0,0,0.028,586
2024-03-20T00:00:00.000Z,0,0.1,0,0,0,0.014,581
2024-03-21T00:00:00.000Z,0,0,0,0,0,0,586
2024-03-22T00:00:00.000Z,0,0,0,0,0,0,506
2024-03-23T00:00:00.000Z,0,0,0,0,0,0,538
2024-03-24T00:00:00.000Z,0,0.1,0,0,0,0.006,569
2024-03-25T00:00:00.000Z,0,0.1,0,0,0,0.004,588
2024-03-26T00:00:00.000Z,0,0,0,0,0,0,589
2024-03-27T00:00:00.000Z,0,0,0,0,0,0,588
2024-03-28T00:00:00.000Z,0,0.07,0,0,0,0.003,583
2024-03-29T00:00:00.000Z,0,0,0,0,0,0,366
2024-03-30T00:00:00.000Z,0,0,0,0,0,0,580
2024-03-31T00:00:00.000Z,0,0,0,0,0,0,582
2024-04-01T00:00:00.000Z,0,0,0,0,0,0,536
2024-04-02T00:00:00.000Z,0,0,0,0,0,0,583
2024-04-03T00:00:00.000Z,0,0.1,0,0,0,0.012,586
2024-04-04T00:00:00.000Z,0,0.1,0,0,0,0.019,589
2024-04-05T00:00:00.000Z,0,0.03,0,0,0,0.001,583
2024-04-06T00:00:00.000Z,0,0.1,0,0,0,0.006,580
2024-04-07T00:00:00.000Z,0,0,0,0,0,0,587
2024-04-08T00:00:00.000Z,0,0.1,0,0,0,0.006,575
2024-04-09T00:00:00.000Z,0,0.47,0,0,0,0.019,581
2024-04-10T00:00:00.000Z,0,0,0,0,0,0,574
2024-04-11T00:00:00.000Z,0,0,0,0,0,0,566
2024-04-12T00:00:00.000Z,0,0,0,0,0,0,563
2024-04-13T00:00:00.000Z,0,0,0,0,0,0,583
2024-04-14T00:00:00.000Z,0,0,0,0,0,0,586
2024-04-15T00:00:00.000Z,0,0.3,0,0,0,0.027,585
2024-04-16T00:00:00.000Z,0,0.1,0,0,0,0.004,584
2024-04-17T00:00:00.000Z,0,0.1,0,0,0,0.005,576
2024-04-18T00:00:00.000Z,0,0.1,0,0,0,0.015,584
2024-04-19T00:00:00.000Z,0,0.1,0,0,0,0.016,579
2024-04-20T00:00:00.000Z,0,0.1,0,0,0,0.018,556
2024-04-21T00:00:00.000Z,0,0.1,0,0,0,0.016,584
2024-04-22T00:00:00.000Z,0,0.1,0,0,0,0.023,579
2024-04-23T00:00:00.000Z,0,0.1,0,0,0,0.017,577
2024-04-24T00:00:00.000Z,0,0,0,0,0,0,580
2024-04-25T00:00:00.000Z,0,0.1,0,0,0,0.005,582
2024-04-26T00:00:00.000Z,0,0.1,0,0,0,0.007,575
2024-04-27T00:00:00.000Z,0,0,0,0,0,0,584
2024-04-28T00:00:00.000Z,0,0.8,0,0,0,0.087,586
2024-04-29T00:00:00.000Z,0,0.1,0,0,0,0.004,584
2024-04-30T00:00:00.000Z,0,0,0,0,0,0,584
2024-05-01T00:00:00.000Z,0,0.1,0,0,0,0.004,547
2024-05-02T00:00:00.000Z,0,0,0,0,0,0,586
2024-05-03T00:00:00.000Z,0,0,0,0,0,0,584
2024-05-04T00:00:00.000Z,0,0,0,0,0,0,370
2024-05-05T00:00:00.000Z,0,0,0,0,0,0,475
2024-05-06T00:00:00.000Z,0,0.1,0,0,0,0.004,578
2024-05-07T00:00:00.000Z,0,0.1,0,0,0,0.004,573
2024-05-08T00:00:00.000Z,0,0,0,0,0,0,575
2024-05-09T00:00:00.000Z,0,0,0,0,0,0,574
2024-05-10T00:00:00.000Z,0,0,0,0,0,0,573
2024-05-11T00:00:00.000Z,0,0,0,0,0,0,575
2024-05-12T00:00:00.000Z,0,0.1,0,0,0,0.004,572
2024-05-13T00:00:00.000Z,0,0.1,0,0,0,0.004,578
2024-05-14T00:00:00.000Z,0,0.1,0,0,0,0.007,586
2024-05-15T00:00:00.000Z,0,0.1,0,0,0,0.007,581
2024-05-16T00:00:00.000Z,0,0.1,0,0,0,0.007,578
2024-05-17T00:00:00.000Z,0,0,0,0,0,0,583
2024-05-18T00:00:00.000Z,0,0,0,0,0,0,585
2024-05-19T00:00:00.000Z,0,0.1,0,0,0,0.01,584
2024-05-20T00:00:00.000Z,0,0,0,0,0,0,582
2024-05-21T00:00:00.000Z,0,0.1,0,0,0,0.006,586
2024-05-22T00:00:00.000Z,0,0,0,0,0,0,586
2024-05-23T00:00:00.000Z,0,0,0,0,0,0,586
2024-05-24T00:00:00.000Z,0,0,0,0,0,0,585
2024-05-25T00:00:00.000Z,0,0.1,0,0,0,0.012,586
2024-05-26T00:00:00.000Z,0,0.2,0,0,0,0.015,586
2024-05-27T00:00:00.000Z,0,0.2,0,0,0,0.024,582
2024-05-28T00:00:00.000Z,0,0.1,0,0,0,0.025,585
2024-05-29T00:00:00.000Z,0,0.1,0,0,0,0.009,585
2024-05-30T00:00:00.000Z,0,0.1,0,0,0,0.01,585
2024-05-31T00:00:00.000Z,0,0.1,0,0,0,0.007,585
2024-06-01T00:00:00.000Z,0,0.1,0,0,0,0.007,553
2024-06-02T00:00:00.000Z,0,0,0,0,0,0,586
2024-06-03T00:00:00.000Z,0,0.1,0,0,0,0.018,585
2024-06-04T00:00:00.000Z,0,0.1,0,0,0,0.006,585
2024-06-05T00:00:00.000Z,0,0.1,0,0,0,0.006,583
2024-06-06T00:00:00.000Z,0,0,0,0,0,0,584
2024-06-07T00:00:00.000Z,0,0,0,0,0,0,581
2024-06-08T00:00:00.000Z,0,0,0,0,0,0,584
2024-06-09T00:00:00.000Z,0,0,0,0,0,0,584
2024-06-10T00:00:00.000Z,0,0,0,0,0,0,581
2024-06-11T00:00:00.000Z,0,0.1,0,0,0,0.004,583
2024-06-12T00:00:00.000Z,0,0.1,0,0,0,0.004,582
2024-06-13T00:00:00.000Z,0,0.07,0,0,0,0.004,584
2024-06-14T00:00:00.000Z,0,0,0,0,0,0,583
2024-06-15T00:00:00.000Z,0,0.1,0,0,0,0.008,516
2024-06-16T00:00:00.000Z,0,0.1,0,0,0,0.006,587
2024-06-17T00:00:00.000Z,0,0.1,0,0,0,0.004,581
2024-06-18T00:00:00.000Z,0,0.1,0,0,0,0.006,585
2024-06-19T00:00:00.000Z,0,0.03,0,0,0,0.001,583
2024-06-20T00:00:00.000Z,0,0.1,0,0,0,0.011,582
2024-06-21T00:00:00.000Z,0,0.05,0,0,0,0.002,581
2024-06-22T00:00:00.000Z,0,0,0,0,0,0,576
2024-06-23T00:00:00.000Z,0,0,0,0,0,0,583
2024-06-24T00:00:00.000Z,0,0,0,0,0,0,582
2024-06-25T00:00:00.000Z,0,0.1,0,0,0,0.017,585
2024-06-26T00:00:00.000Z,0,0.1,0,0,0,0.009,586
2024-06-27T00:00:00.000Z,0,0.52,0,0,0,0.024,584
2024-06-28T00:00:00.000Z,0,0.1,0,0,0,0.018,586
2024-06-29T00:00:00.000Z,0,0.1,0,0,0,0.006,586
2024-06-30T00:00:00.000Z,0,0,0,0,0,0,586
2024-07-01T00:00:00.000Z,0,0.1,0,0,0,0.007,572
2024-07-02T00:00:00.000Z,0,0.1,0,0,0,0.005,581
2024-07-03T00:00:00.000Z,0,1.5,0,0,0,0.068,585
2024-07-04T00:00:00.000Z,0,0.1,0,0,0,0.01,584
2024-07-05T00:00:00.000Z,0,0.1,0,0,0,0.004,584
2024-07-06T00:00:00.000Z,0,0.03,0,0,0,0.001,585
2024-07-07T00:00:00.000Z,0,0.08,0,0,0,0.003,587
2024-07-08T00:00:00.000Z,0,0,0,0,0,0,583
2024-07-09T00:00:00.000Z,0,0.1,0,0,0,0.004,587
2024-07-10T00:00:00.000Z,0,0.1,0,0,0,0.004,584
2024-07-11T00:00:00.000Z,0,0.1,0,0,0,0.007,579
2024-07-12T00:00:00.000Z,0,0.1,0,0,0,0.013,579
2024-07-13T00:00:00.000Z,0,0.13,0,0,0,0.017,587
2024-07-14T00:00:00.000Z,0,0.08,0,0,0,0.004,586
2024-07-15T00:00:00.000Z,0,0.1,0,0,0,0.015,585
2024-07-16T00:00:00.000Z,0,0.1,0,0,0,0.017,584
2024-07-17T00:00:00.000Z,0,0.1,0,0,0,0.007,584
2024-07-18T00:00:00.000Z,0,0.1,0,0,0,0.009,584
2024-07-19T00:00:00.000Z,0,0.1,0,0,0,0.015,579
2024-07-20T00:00:00.000Z,0,0.1,0,0,0,0.004,585
2024-07-21T00:00:00.000Z,0,0.5,0,0,0,0.05,584
2024-07-22T00:00:00.000Z,0,0.4,0,0,0,0.053,580
2024-07-23T00:00:00.000Z,0,0.1,0,0,0,0.007,586
2024-07-24T00:00:00.000Z,0,0.1,0,0,0,0.01,584
2024-07-25T00:00:00.000Z,0,0.1,0,0,0,0.006,583
2024-07-26T00:00:00.000Z,0,0.1,0,0,0,0.022,583
2024-07-27T00:00:00.000Z,0,0.1,0,0,0,0.007,586
2024-07-28T00:00:00.000Z,0,0,0,0,0,0,584
2024-07-29T00:00:00.000Z,0,0,0,0,0,0,583
2024-07-30T00:00:00.000Z,0,0.05,0,0,0,0.002,563
2024-07-31T00:00:00.000Z,0,0.1,0,0,0,0.004,547
2024-08-01T00:00:00.000Z,0,0,0,0,0,0,560
2024-08-02T00:00:00.000Z,0,0,0,0,0,0,578
2024-08-03T00:00:00.000Z,0,0.1,0,0,0,0.004,568
2024-08-04T00:00:00.000Z,0,0.1,0,0,0,0.008,546
2024-08-05T00:00:00.000Z,0,0.2,0,0,0,0.014,545
2024-08-06T00:00:00.000Z,0,23.37,0,0,0,1.885,547
2024-08-07T00:00:00.000Z,0,34.08,0,0,0,2.816,559
2024-08-08T00:00:00.000Z,0,13.6,0,0,0,0.576,563
2024-08-09T00:00:00.000Z,0,0.1,0,0,0,0.008,545
2024-08-10T00:00:00.000Z,0,0.1,0,0,0,0.012,532
2024-08-11T00:00:00.000Z,0,28.97,0,0,0,1.642,570
2024-08-12T00:00:00.000Z,0,0.05,0,0,0,0.002,551
2024-08-13T00:00:00.000Z,0,0.1,0,0,0,0.009,549
2024-08-14T00:00:00.000Z,0,0.1,0,0,0,0.016,531
2024-08-15T00:00:00.000Z,0,0.1,0,0,0,0.013,479
2024-08-16T00:00:00.000Z,0,0.1,0,0,0,0.008,450
2024-08-17T00:00:00.000Z,0,0.1,0,0,0,0.008,531
2024-08-18T00:00:00.000Z,0,6.8,0,0,0,0.293,539
2024-08-19T00:00:00.000Z,0,0.1,0,0,0,0.004,550
2024-08-20T00:00:00.000Z,0,24.17,0,0,0,1.046,533
2024-08-21T00:00:00.000Z,0,14.93,0,0,0,0.637,548
2024-08-22T00:00:00.000Z,0,15.4,0,0,0,0.663,544
2024-08-23T00:00:00.000Z,0,0.1,0,0,0,0.006,551
2024-08-24T00:00:00.000Z,0,0.08,0,0,0,0.004,551
2024-08-25T00:00:00.000Z,0,0.1,0,0,0,0.011,545
2024-08-26T00:00:00.000Z,0,0.1,0,0,0,0.004,541
2024-08-27T00:00:00.000Z,0,0.1,0,0,0,0.005,544
2024-08-28T00:00:00.000Z,0,0.1,0,0,0,0.014,547
2024-08-29T00:00:00.000Z,0,0.1,0,0,0,0.008,546
2024-08-30T00:00:00.000Z,0,0,0,0,0,0,541
2024-08-31T00:00:00.000Z,0,0,0,0,0,0,547
2024-09-01T00:00:00.000Z,0,0.07,0,0,0,0.003,548
2024-09-02T00:00:00.000Z,0,0,0,0,0,0,549
2024-09-03T00:00:00.000Z,0,0.03,0,0,0,0.001,545
2024-09-04T00:00:00.000Z,0,0.1,0,0,0,0.01,544
2024-09-05T00:00:00.000Z,0,0.1,0,0,0,0.022,548
2024-09-06T00:00:00.000Z,0,0.2,0,0,0,0.026,539
2024-09-07T00:00:00.000Z,0,0.2,0,0,0,0.031,482
2024-09-08T00:00:00.000Z,0,0.1,0,0,0,0.023,548
2024-09-09T00:00:00.000Z,0,0.1,0,0,0,0.013,553
2024-09-10T00:00:00.000Z,0,0,0,0,0,0,531
2024-09-11T00:00:00.000Z,0,0,0,0,0,0,555
2024-09-12T00:00:00.000Z,0,0,0,0,0,0,551
2024-09-13T00:00:00.000Z,0,0,0,0,0,0,520
2024-09-14T00:00:00.000Z,0,0,0,0,0,0,568
2024-09-15T00:00:00.000Z,0,0,0,0,0,0,552
2024-09-16T00:00:00.000Z,0,0,0,0,0,0,567
2024-09-17T00:00:00.000Z,0,0.05,0,0,0,0.002,552
2024-09-18T00:00:00.000Z,0,0,0,0,0,0,557
2024-09-19T00:00:00.000Z,0,0.1,0,0,0,0.008,552
2024-09-20T00:00:00.000Z,0,0.1,0,0,0,0.006,559
2024-09-21T00:00:00.000Z,0,0,0,0,0,0,568
2024-09-22T00:00:00.000Z,0,0,0,0,0,0,564
2024-09-23T00:00:00.000Z,0,0,0,0,0,0,545
2024-09-24T00:00:00.000Z,0,0.1,0,0,0,0.006,548
2024-09-25T00:00:00.000Z,0,0.1,0,0,0,0.004,548
2024-09-26T00:00:00.000Z,0,0,0,0,0,0,563
2024-09-27T00:00:00.000Z,0,0,0,0,0,0,415
2024-09-28T00:00:00.000Z,0,0,0,0,0,0,401
2024-09-29T00:00:00.000Z,0,0,0,0,0,0,563
2024-09-30T00:00:00.000Z,0,0.1,0,0,0,0.006,563
2024-10-01T00:00:00.000Z,0,0,0,0,0,0,559
2024-10-02T00:00:00.000Z,0,0,0,0,0,0,556
2024-10-03T00:00:00.000Z,0,0,0,0,0,0,406
2024-10-04T00:00:00.000Z,0,0.1,0,0,0,0.005,573
2024-10-05T00:00:00.000Z,0,0,0,0,0,0,569
2024-10-06T00:00:00.000Z,0,0,0,0,0,0,555
2024-10-07T00:00:00.000Z,0,34.3,0,0,0,1.457,553
2024-10-08T00:00:00.000Z,0,0,0,0,0,0,546
2024-10-09T00:00:00.000Z,0,0,0,0,0,0,551
2024-10-10T00:00:00.000Z,0,0,0,0,0,0,555
2024-10-11T00:00:00.000Z,0,0,0,0,0,0,564
2024-10-12T00:00:00.000Z,0,0,0,0,0,0,568
2024-10-13T00:00:00.000Z,0,0,0,0,0,0,555
2024-10-14T00:00:00.000Z,0,0,0,0,0,0,507
2024-10-15T00:00:00.000Z,0,0.1,0,0,0,0.005,548
2024-10-16T00:00:00.000Z,0,0.1,0,0,0,0.007,569
2024-10-17T00:00:00.000Z,0,0,0,0,0,0,544
2024-10-18T00:00:00.000Z,0,0,0,0,0,0,561
2024-10-19T00:00:00.000Z,0,0,0,0,0,0,550
2024-10-20T00:00:00.000Z,0,0,0,0,0,0,551
2024-10-21T00:00:00.000Z,0,0,0,0,0,0,567
2024-10-22T00:00:00.000Z,0,0,0,0,0,0,552
2024-10-23T00:00:00.000Z,0,0,0,0,0,0,565
2024-10-24T00:00:00.000Z,0,0,0,0,0,0,550
2024-10-25T00:00:00.000Z,0,0,0,0,0,0,513
2024-10-26T00:00:00.000Z,0,0,0,0,0,0,542
2024-10-27T00:00:00.000Z,0,0,0,0,0,0,537
2024-10-28T00:00:00.000Z,0,0,0,0,0,0,536
2024-10-29T00:00:00.000Z,0,0,0,0,0,0,560
2024-10-30T00:00:00.000Z,0,0,0,0,0,0,542
2024-10-31T00:00:00.000Z,0,0,0,0,0,0,553
2024-11-01T00:00:00.000Z,0,0,0,0,0,0,537
2024-11-02T00:00:00.000Z,0,0.1,0,0,0,0.004,539
2024-11-03T00:00:00.000Z,0,0,0,0,0,0,518
2024-11-04T00:00:00.000Z,0,0.1,0,0,0,0.006,464
2024-11-05T00:00:00.000Z,0,0,0,0,0,0,401
2024-11-06T00:00:00.000Z,0,0.1,0,0,0,0.02,380
2024-11-07T00:00:00.000Z,0,0,0,0,0,0,483
2024-11-08T00:00:00.000Z,0,0,0,0,0,0,420
2024-11-09T00:00:00.000Z,0,0.3,0,0,0,0.04,387
2024-11-10T00:00:00.000Z,0,0,0,0,0,0,351
2024-11-11T00:00:00.000Z,0,0,0,0,0,0,406
2024-11-12T00:00:00.000Z,0,0,0,0,0,0,277
2024-11-13T00:00:00.000Z,0,0,0,0,0,0,349
2024-11-14T00:00:00.000Z,0,0,0,0,0,0,336
2024-11-15T00:00:00.000Z,0,0,0,0,0,0,503
2024-11-16T00:00:00.000Z,0,0,0,0,0,0,537
2024-11-17T00:00:00.000Z,0,0,0,0,0,0,529
2024-11-18T00:00:00.000Z,0,0.1,0,0,0,0.008,480
2024-11-19T00:00:00.000Z,0,0.1,0,0,0,0.026,436
2024-11-20T00:00:00.000Z,0,0,0,0,0,0,419
2024-11-21T00:00:00.000Z,0,0.1,0,0,0,0.027,399
2024-11-22T00:00:00.000Z,0,0.2,0,0,0.1,0.049,434
2024-11-23T00:00:00.000Z,0,0.1,0,0,0,0.034,322
2024-11-24T00:00:00.000Z,0,0.2,0,0,0,0.034,406
2024-11-25T00:00:00.000Z,0,0.3,0,0,0,0.023,425
2024-11-26T00:00:00.000Z,0,0,0,0,0,0,570
2024-11-27T00:00:00.000Z,0,0.03,0,0,0,0.001,569
2024-11-28T00:00:00.000Z,0,0.1,0,0,0,0.007,578
2024-11-29T00:00:00.000Z,0,0.1,0,0,0,0.013,576
2024-11-30T00:00:00.000Z,0,0,0,0,0,0,578
2024-12-01T00:00:00.000Z,0,0,0,0,0,0,476
2024-12-02T00:00:00.000Z,0,0.03,0,0,0,0.001,575
2024-12-03T00:00:00.000Z,0,0.1,0,0,0,0.025,571
2024-12-04T00:00:00.000Z,0,0.1,0,0,0,0.031,575
2024-12-05T00:00:00.000Z,0,0.1,0,0,0,0.027,575
2024-12-06T00:00:00.000Z,0,0.1,0,0,0,0.008,569
2024-12-07T00:00:00.000Z,0,0.2,0,0,0,0.016,575
2024-12-08T00:00:00.000Z,0,0.13,0,0,0,0.017,574
2024-12-09T00:00:00.000Z,0,0.3,0,0,0,0.029,567
2024-12-10T00:00:00.000Z,0,0.1,0,0,0,0.038,545
2024-12-11T00:00:00.000Z,0,0.1,0,0,0,0.03,565
2024-12-12T00:00:00.000Z,0,0.2,0,0,0,0.039,570
2024-12-13T00:00:00.000Z,0,0.1,0,0,0,0.035,533
2024-12-14T00:00:00.000Z,0,0.1,0,0,0,0.014,509
2024-12-15T00:00:00.000Z,0,0.1,0,0,0,0.032,575
2024-12-16T00:00:00.000Z,0,0.1,0,0,0,0.008,488
2024-12-17T00:00:00.000Z,0,0.1,0,0,0,0.013,517
2024-12-18T00:00:00.000Z,0,0.17,0,0,0,0.027,522
2024-12-19T00:00:00.000Z,0,0,0,0,0,0,238
2024-12-20T00:00:00.000Z,0,0.1,0,0,0,0.023,431
2024-12-21T00:00:00.000Z,0,0.1,0,0,0,0.024,517
2024-12-22T00:00:00.000Z,0,0,0,0,0,0,574
2024-12-23T00:00:00.000Z,0,0.1,0,0,0,0.013,559
2024-12-24T00:00:00.000Z,0,0.1,0,0,0,0.007,539
2024-12-25T00:00:00.000Z,0,0,0,0,0,0,528
2024-12-26T00:00:00.000Z,0,0.1,0,0,0,0.008,574
2024-12-27T00:00:00.000Z,0,0.4,0,0,0,0.062,574
2024-12-28T00:00:00.000Z,0,0.3,0,0,0,0.039,576
2024-12-29T00:00:00.000Z,0,0,0,0,0,0,473
2024-12-30T00:00:00.000Z,0,0.1,0,0,0,0.033,272
2024-12-31T00:00:00.000Z,0,0.1,0,0,0,0.04,392
2025-01-01T00:00:00.000Z,0,0.1,0,0,0,0.019,548
2025-01-02T00:00:00.000Z,0,0.2,0,0,0.1,0.046,576
2025-01-03T00:00:00.000Z,0,0.2,0,0,0.1,0.049,568
2025-01-04T00:00:00.000Z,0,0.2,0,0,0.1,0.051,576
2025-01-05T00:00:00.000Z,0,0.2,0.07,0,0.1,0.051,575
2025-01-06T00:00:00.000Z,0,0.1,0,0,0,0.032,576
2025-01-07T00:00:00.000Z,0,0,0,0,0,0,575
2025-01-08T00:00:00.000Z,0,0.07,0,0,0,0.004,576
2025-01-09T00:00:00.000Z,0,0.2,0,0,0,0.025,576
2025-01-10T00:00:00.000Z,0,0.1,0,0,0,0.004,575
2025-01-11T00:00:00.000Z,0,0.1,0,0,0,0.006,576
2025-01-12T00:00:00.000Z,0,0.2,0,0,0,0.025,576
2025-01-13T00:00:00.000Z,0,0.13,0,0,0,0.024,526
2025-01-14T00:00:00.000Z,0,0,0,0,0,0,398
2025-01-15T00:00:00.000Z,0,0,0,0,0,0,575
2025-01-16T00:00:00.000Z,0,0.1,0,0,0,0.007,575
2025-01-17T00:00:00.000Z,0,0.1,0,0,0,0.005,575
2025-01-18T00:00:00.000Z,0,0,0,0,0,0,571
2025-01-19T00:00:00.000Z,0,0.07,0,0,0,0.003,575
2025-01-20T00:00:00.000Z,0,0.1,0,0,0,0.007,574
2025-01-21T00:00:00.000Z,0,0.1,0,0,0,0.004,573
2025-01-22T00:00:00.000Z,0,0.1,0,0,0,0.008,575
2025-01-23T00:00:00.000Z,0,0.03,0,0,0,0.001,576
2025-01-24T00:00:00.000Z,0,0.07,0,0,0,0.003,564
2025-01-25T00:00:00.000Z,0,0,0,0,0,0,537
2025-01-26T00:00:00.000Z,0,0.1,0,0,0,0.007,214
2025-01-27T00:00:00.000Z,0,0.2,0,0,0,0.035,479
2025-01-28T00:00:00.000Z,0,0.2,0,0,0,0.031,576
2025-01-29T00:00:00.000Z,0,0.4,0,0,0,0.06,576
2025-01-30T00:00:00.000Z,0,0.03,0,0,0,0.001,418
2025-01-31T00:00:00.000Z,0,0.1,0,0,0,0.007,456
2025-02-01T00:00:00.000Z,0,0.1,0,0,0,0.011,349
2025-02-02T00:00:00.000Z,0,0.1,0,0,0,0.014,489
2025-02-03T00:00:00.000Z,0,0.1,0,0,0,0.005,572
2025-02-04T00:00:00.000Z,0,0.1,0,0,0,0.004,568
2025-02-05T00:00:00.000Z,0,0.03,0,0,0,0.001,566
2025-02-06T00:00:00.000Z,0,0.1,0,0,0,0.013,567
2025-02-07T00:00:00.000Z,0,0.1,0,0,0,0.021,526
2025-02-08T00:00:00.000Z,0,0.1,0,0,0,0.004,522
2025-02-09T00:00:00.000Z,0,0.1,0,0,0,0.014,558
2025-02-10T00:00:00.000Z,0,0.1,0,0,0,0.03,568
2025-02-11T00:00:00.000Z,0,0.6,0,0,0,0.067,288
2025-02-12T00:00:00.000Z,0,0.1,0,0,0,0.013,498
2025-02-13T00:00:00.000Z,0,0.1,0,0,0,0.013,485
2025-02-14T00:00:00.000Z,0,0.1,0,0,0,0.017,292
2025-02-15T00:00:00.000Z,0,0.17,0,0,0,0.036,436
2025-02-16T00:00:00.000Z,0,0.2,0,0,0,0.035,331
2025-02-17T00:00:00.000Z,0,0.1,0,0,0,0.021,424
2025-02-18T00:00:00.000Z,0,0.17,0,0,0,0.035,508
2025-02-19T00:00:00.000Z,0,0.2,0,0,0,0.032,562
2025-02-20T00:00:00.000Z,0,0.1,0,0,0,0.02,562
2025-02-21T00:00:00.000Z,0,0,0,0,0,0,545
2025-02-22T00:00:00.000Z,0,0.07,0,0,0,0.003,567
2025-02-23T00:00:00.000Z,0,0,0,0,0,0,569
2025-02-24T00:00:00.000Z,0,0,0,0,0,0,569
2025-02-25T00:00:00.000Z,0,0,0,0,0,0,564
2025-02-26T00:00:00.000Z,0,0.1,0,0,0,0.01,565
2025-02-27T00:00:00.000Z,0,0.1,0,0,0,0.005,402
2025-02-28T00:00:00.000Z,0,0.1,0,0,0,0.01,96
2025-03-01T00:00:00.000Z,0,0,0,0,0,0,378
2025-03-02T00:00:00.000Z,0,0,0,0,0,0,563
2025-03-03T00:00:00.000Z,0,0,0,0,0,0,562
2025-03-04T00:00:00.000Z,0,0,0,0,0,0,561
2025-03-05T00:00:00.000Z,0,0,0,0,0,0,556
2025-03-06T00:00:00.000Z,0,0,0,0,0,0,145
2025-03-07T00:00:00.000Z,0,0.13,0,0,0,0.011,412
2025-03-08T00:00:00.000Z,0,0,0,0,0,0,555
2025-03-09T00:00:00.000Z,0,0,0,0,0,0,559
2025-03-10T00:00:00.000Z,0,0.1,0,0,0,0.01,552
2025-03-11T00:00:00.000Z,0,0.2,0,0,0,0.013,566
2025-03-12T00:00:00.000Z,0,0.1,0,0,0,0.015,573
2025-03-13T00:00:00.000Z,0,0.1,0,0,0,0.011,373
2025-03-14T00:00:00.000Z,0,0.1,0,0,0,0.025,229
2025-03-15T00:00:00.000Z,0,0,0,0,0,0,5
2025-03-18T00:00:00.000Z,0,0,0,0,0,0,67
2025-03-19T00:00:00.000Z,0,0.1,0,0,0,0.009,576
2025-03-20T00:00:00.000Z,0,0.1,0,0,0,0.012,568
2025-03-21T00:00:00.000Z,0,0.1,0,0,0,0.014,576
2025-03-22T00:00:00.000Z,0,0.1,0,0,0,0.023,575
2025-03-23T00:00:00.000Z,0,0.1,0,0,0,0.018,576
2025-03-24T00:00:00.000Z,0,0.3,0,0,0,0.019,574
2025-03-25T00:00:00.000Z,0,0,0,0,0,0,575
2025-03-26T00:00:00.000Z,0,0.1,0,0,0,0.006,576
2025-03-27T00:00:00.000Z,0,0,0,0,0,0,218
2025-03-28T00:00:00.000Z,0,0,0,0,0,0,442
2025-03-29T00:00:00.000Z,0,0,0,0,0,0,563
2025-03-30T00:00:00.000Z,0,0.1,0,0,0,0.007,360
2025-03-31T00:00:00.000Z,0,0.1,0,0,0,0.006,521
2025-04-01T00:00:00.000Z,0,0.1,0,0,0,0.01,198
2025-04-02T00:00:00.000Z,0,0,0,0,0,0,172
2025-04-03T00:00:00.000Z,0,0.1,0,0,0,0.006,568
2025-04-04T00:00:00.000Z,0,0,0,0,0,0,574
2025-04-05T00:00:00.000Z,0,0.1,0,0,0,0.009,540
2025-04-06T00:00:00.000Z,0,0.1,0,0,0,0.01,343
2025-04-07T00:00:00.000Z,0,0.1,0,0,0,0.009,321
2025-04-08T00:00:00.000Z,0,0.1,0,0,0,0.01,561
2025-04-09T00:00:00.000Z,0,0.1,0,0,0,0.004,546
2025-04-10T00:00:00.000Z,0,0.1,0,0,0,0.004,573
2025-04-11T00:00:00.000Z,0,0.2,0,0,0,0.01,571
2025-04-12T00:00:00.000Z,0,0.1,0,0,0,0.004,573
2025-04-13T00:00:00.000Z,0,0.07,0,0,0,0.003,558
2025-04-14T00:00:00.000Z,0,0,0,0,0,0,573
2025-04-15T00:00:00.000Z,0,0,0,0,0,0,560
2025-04-16T00:00:00.000Z,0,0,0,0,0,0,569
2025-04-17T00:00:00.000Z,0,0.1,0,0,0,0.008,575
2025-04-18T00:00:00.000Z,0,0.1,0,0,0,0.012,576
2025-04-19T00:00:00.000Z,0,0.1,0,0,0,0.012,494
2025-04-20T00:00:00.000Z,0,0.1,0,0,0,0.01,575
2025-04-21T00:00:00.000Z,0,0.1,0,0,0,0.008,575
2025-04-22T00:00:00.000Z,0,0.1,0,0,0,0.004,576
2025-04-23T00:00:00.000Z,0,0.2,0,0,0,0.037,576
2025-04-24T00:00:00.000Z,0,0,0,0,0,0,576
2025-04-25T00:00:00.000Z,0,0.1,0,0,0,0.012,576
2025-04-26T00:00:00.000Z,0,0.1,0,0,0,0.009,576
2025-04-27T00:00:00.000Z,0,0,0,0,0,0,575
2025-04-28T00:00:00.000Z,0,0,0,0,0,0,574
2025-04-29T00:00:00.000Z,0,0.1,0,0,0,0.004,574
2025-04-30T00:00:00.000Z,0,0,0,0,0,0,575
2025-05-01T00:00:00.000Z,0,0.1,0,0,0,0.006,575
2025-05-02T00:00:00.000Z,0,0,0,0,0,0,527
2025-05-03T00:00:00.000Z,0,0,0,0,0,0,476
2025-05-04T00:00:00.000Z,0,0.03,0,0,0,0.001,576
2025-05-05T00:00:00.000Z,0,0.1,0,0,0,0.004,575
2025-05-06T00:00:00.000Z,0,0,0,0,0,0,573
2025-05-07T00:00:00.000Z,0,0,0,0,0,0,574
2025-05-08T00:00:00.000Z,0,0,0,0,0,0,576
2025-05-09T00:00:00.000Z,0,0.03,0,0,0,0.002,576
2025-05-10T00:00:00.000Z,0,0.1,0,0,0,0.007,576
2025-05-11T00:00:00.000Z,0,0,0,0,0,0,576
2025-05-12T00:00:00.000Z,0,0.1,0,0,0,0.008,577
2025-05-13T00:00:00.000Z,0,0,0,0,0,0,576
2025-05-14T00:00:00.000Z,0,0,0,0,0,0,574
2025-05-15T00:00:00.000Z,0,0,0,0,0,0,576
2025-05-16T00:00:00.000Z,0,0,0,0,0,0,576
2025-05-17T00:00:00.000Z,0,0,0,0,0,0,575
2025-05-18T00:00:00.000Z,0,0,0,0,0,0,576
2025-05-19T00:00:00.000Z,0,0.1,0,0,0,0.012,576
2025-05-20T00:00:00.000Z,0,0.1,0,0,0,0.004,576
2025-05-21T00:00:00.000Z,0,0,0,0,0,0,575
2025-05-22T00:00:00.000Z,0,0,0,0,0,0,578
2025-05-23T00:00:00.000Z,0,0,0,0,0,0,575
2025-05-24T00:00:00.000Z,0,0,0,0,0,0,576
2025-05-25T00:00:00.000Z,0,0,0,0,0,0,522
2025-05-26T00:00:00.000Z,0,0,0,0,0,0,574
2025-05-27T00:00:00.000Z,0,0,0,0,0,0,575
2025-05-28T00:00:00.000Z,0,0,0,0,0,0,564
2025-05-29T00:00:00.000Z,0,0.1,0,0,0,0.008,577
2025-05-30T00:00:00.000Z,0,0,0,0,0,0,576
2025-05-31T00:00:00.000Z,0,0.03,0,0,0,0.001,576
2025-06-01T00:00:00.000Z,0,0.1,0,0,0,0.006,575
2025-06-02T00:00:00.000Z,0,0.1,0,0,0,0.006,572
2025-06-03T00:00:00.000Z,0,0.05,0,0,0,0.002,576
2025-06-04T00:00:00.000Z,0,0.1,0,0,0,0.004,573
2025-06-05T00:00:00.000Z,0,0.1,0,0,0,0.004,574
2025-06-06T00:00:00.000Z,0,0,0,0,0,0,576
2025-06-07T00:00:00.000Z,0,0,0,0,0,0,575
2025-06-08T00:00:00.000Z,0,0,0,0,0,0,572
2025-06-09T00:00:00.000Z,0,0,0,0,0,0,575
2025-06-10T00:00:00.000Z,0,0,0,0,0,0,575
2025-06-11T00:00:00.000Z,0,0,0,0,0,0,575
2025-06-12T00:00:00.000Z,0,0.05,0,0,0,0.002,512
2025-06-13T00:00:00.000Z,0,0.1,0,0,0,0.015,573
2025-06-14T00:00:00.000Z,0,0.1,0,0,0,0.014,575
2025-06-15T00:00:00.000Z,0,0.05,0,0,0,0.004,362
2025-06-16T00:00:00.000Z,0,0.1,0,0,0,0.008,439
2025-06-17T00:00:00.000Z,0,0.1,0,0,0,0.004,576
2025-06-18T00:00:00.000Z,0,0,0,0,0,0,577
2025-06-19T00:00:00.000Z,0,0,0,0,0,0,575
2025-06-20T00:00:00.000Z,0,0.1,0,0,0,0.007,573
2025-06-21T00:00:00.000Z,0,0,0,0,0,0,568
2025-06-22T00:00:00.000Z,0,0.1,0,0,0,0.004,562
2025-06-23T00:00:00.000Z,0,0,0,0,0,0,577
2025-06-24T00:00:00.000Z,0,0,0,0,0,0,575
2025-06-25T00:00:00.000Z,0,0.1,0,0,0,0.009,575
2025-06-26T00:00:00.000Z,0,0.1,0,0,0,0.011,576
2025-06-27T00:00:00.000Z,0,0,0,0,0,0,574
2025-06-28T00:00:00.000Z,0,0.1,0,0,0,0.009,576
2025-06-29T00:00:00.000Z,0,0,0,0,0,0,576
2025-06-30T00:00:00.000Z,0,0,0,0,0,0,410
2025-07-01T00:00:00.000Z,0,0.1,0,0,0,0.009,576
2025-07-02T00:00:00.000Z,0,0,0,0,0,0,576
2025-07-03T00:00:00.000Z,0,0,0,0,0,0,574
2025-07-04T00:00:00.000Z,0,0,0,0,0,0,574
2025-07-05T00:00:00.000Z,0,0,0,0,0,0,576
2025-07-06T00:00:00.000Z,0,0,0,0,0,0,526
2025-07-07T00:00:00.000Z,0,0,0,0,0,0,576
2025-07-08T00:00:00.000Z,0,0.1,0,0,0,0.012,576
2025-07-09T00:00:00.000Z,0,0.1,0,0,0,0.013,576
2025-07-10T00:00:00.000Z,0,0.1,0,0,0,0.011,575
2025-07-11T00:00:00.000Z,0,0,0,0,0,0,577
2025-07-12T00:00:00.000Z,0,0,0,0,0,0,576
2025-07-13T00:00:00.000Z,0,0.1,0,0,0,0.009,574
2025-07-14T00:00:00.000Z,0,0.05,0,0,0,0.002,573
2025-07-15T00:00:00.000Z,0,0.1,0,0,0,0.018,576
2025-07-16T00:00:00.000Z,0,0.1,0,0,0,0.016,577
2025-07-17T00:00:00.000Z,0,0.1,0,0,0,0.015,576
2025-07-18T00:00:00.000Z,0,0.1,0,0,0,0.009,576
2025-07-19T00:00:00.000Z,0,0.1,0,0,0,0.01,576
2025-07-20T00:00:00.000Z,0,0.1,0,0,0,0.012,570
2025-07-21T00:00:00.000Z,0,0.1,0,0,0,0.012,575
2025-07-22T00:00:00.000Z,0,0.1,0,0,0,0.007,576
2025-07-23T00:00:00.000Z,0,0.1,0,0,0,0.014,576
2025-07-24T00:00:00.000Z,0,0.1,0,0,0,0.019,577
2025-07-25T00:00:00.000Z,0,0.1,0,0,0,0.014,576
2025-07-26T00:00:00.000Z,0,0.1,0,0,0,0.011,576
2025-07-27T00:00:00.000Z,0,0.1,0,0,0,0.016,576
2025-07-28T00:00:00.000Z,0,0.1,0,0,0,0.011,576
2025-07-29T00:00:00.000Z,0,0.1,0,0,0,0.007,576
2025-07-30T00:00:00.000Z,0,20.07,0,0,0,1.469,576
2025-07-31T00:00:00.000Z,0,13.35,0,0,0,0.963,572
2025-08-01T00:00:00.000Z,0,46.67,0,0,0,2.687,576
2025-08-02T00:00:00.000Z,0,2.73,0,0,0,0.114,576
2025-08-03T00:00:00.000Z,0,10.8,0,0,0,0.45,575
2025-08-04T00:00:00.000Z,0,18.32,0,0,0,0.87,572
2025-08-05T00:00:00.000Z,0,27.17,0,0,0,2.059,551
2025-08-06T00:00:00.000Z,0,0,0,0,0,0,517
2025-08-07T00:00:00.000Z,0,0,0,0,0,0,556
2025-08-08T00:00:00.000Z,0,5.93,0,0,0,0.25,560
2025-08-09T00:00:00.000Z,0,0,0,0,0,0,551
2025-08-10T00:00:00.000Z,0,0.1,0,0,0,0.005,573
2025-08-11T00:00:00.000Z,0,0,0,0,0,0,575
2025-08-12T00:00:00.000Z,0,0.03,0,0,0,0.001,577
2025-08-13T00:00:00.000Z,0,25.77,0,0,0.1,1.549,563
2025-08-14T00:00:00.000Z,0,0.1,0,0,0,0.007,567
2025-08-15T00:00:00.000Z,0,8.33,0,0,0,0.524,469
2025-08-16T00:00:00.000Z,0,0,0,0,0,0,566
2025-08-17T00:00:00.000Z,0,0,0,0,0,0,574
2025-08-18T00:00:00.000Z,0,0.08,0,0,0,0.003,571
2025-08-19T00:00:00.000Z,0,0,0,0,0,0,557
2025-08-20T00:00:00.000Z,0,0,0,0,0,0,545
2025-08-21T00:00:00.000Z,0,0,0,0,0,0,360
2025-08-22T00:00:00.000Z,0,0,0,0,0,0,366
2025-08-23T00:00:00.000Z,0,0,0,0,0,0,572
2025-08-24T00:00:00.000Z,0,3.03,0,0,0,0.126,577
2025-08-25T00:00:00.000Z,0,12.23,0,0,0,0.517,575
2025-08-26T00:00:00.000Z,0,16.1,0,0,0,0.788,575
2025-08-27T00:00:00.000Z,0,14.1,0,0,0,1.055,574
2025-08-28T00:00:00.000Z,0,8.57,0,0,0,0.379,575
2025-08-29T00:00:00.000Z,0,0.1,0,0,0,0.011,572
2025-08-30T00:00:00.000Z,0,0.1,0,0,0,0.004,571
2025-08-31T00:00:00.000Z,0,0.68,0,0,0.1,0.107,570
2025-09-01T00:00:00.000Z,0,0.2,0,0,0,0.033,565
2025-09-02T00:00:00.000Z,0,0.4,0,0,0,0.032,563
2025-09-03T00:00:00.000Z,0,0.1,0,0,0,0.012,553
2025-09-04T00:00:00.000Z,0,0.1,0,0,0,0.015,543
2025-09-05T00:00:00.000Z,0,0.1,0,0,0,0.018,428
2025-09-06T00:00:00.000Z,0,0,0,0,0,0,14
2025-09-07T00:00:00.000Z,0,0.1,0,0,0,0.017,235
2025-09-08T00:00:00.000Z,0,0,0,0,0,0,292
2025-09-09T00:00:00.000Z,0,0.1,0,0,0,0.013,533
2025-09-10T00:00:00.000Z,0,0.1,0,0,0,0.007,524
2025-09-11T00:00:00.000Z,0,0,0,0,0,0,549
2025-09-12T00:00:00.000Z,0,0.1,0,0,0,0.009,564
2025-09-13T00:00:00.000Z,0,0.08,0,0,0,0.003,556
2025-09-14T00:00:00.000Z,0,0,0,0,0,0,554
2025-09-15T00:00:00.000Z,0,0,0,0,0,0,471
2025-09-16T00:00:00.000Z,0,0,0,0,0,0,565
2025-09-17T00:00:00.000Z,0,0,0,0,0,0,564
2025-09-18T00:00:00.000Z,0,0,0,0,0,0,561
2025-09-19T00:00:00.000Z,0,0.1,0,0,0,0.013,543
2025-09-20T00:00:00.000Z,0,0.2,0,0,0,0.016,446
2025-09-21T00:00:00.000Z,0,0.1,0,0,0,0.01,561
2025-09-22T00:00:00.000Z,0,0,0,0,0,0,566
2025-09-23T00:00:00.000Z,0,0,0,0,0,0,564
2025-09-24T00:00:00.000Z,0,0,0,0,0,0,387
2025-09-25T00:00:00.000Z,0,0.1,0,0,0,0.004,572
2025-09-26T00:00:00.000Z,0,0,0,0,0,0,554
2025-09-27T00:00:00.000Z,0,0,0,0,0,0,569
2025-09-28T00:00:00.000Z,0,0,0,0,0,0,561
2025-09-29T00:00:00.000Z,0,0,0,0,0,0,567
2025-09-30T00:00:00.000Z,0,0,0,0,0,0,568
2025-10-01T00:00:00.000Z,0,0,0,0,0,0,557
2025-10-02T00:00:00.000Z,0,0,0,0,0,0,553
2025-10-03T00:00:00.000Z,0,0,0,0,0,0,535
2025-10-04T00:00:00.000Z,0,0,0,0,0,0,556
2025-10-05T00:00:00.000Z,0,0,0,0,0,0,568
2025-10-06T00:00:00.000Z,0,0,0,0,0,0,564
2025-10-07T00:00:00.000Z,0,0,0,0,0,0,559
2025-10-08T00:00:00.000Z,0,0,0,0,0,0,567
2025-10-09T00:00:00.000Z,0,0,0,0,0,0,570
2025-10-10T00:00:00.000Z,0,0,0,0,0,0,573
2025-10-11T00:00:00.000Z,0,0,0,0,0,0,573
2025-10-12T00:00:00.000Z,0,0,0,0,0,0,566
2025-10-13T00:00:00.000Z,0,0,0,0,0,0,573
2025-10-14T00:00:00.000Z,0,0,0,0,0,0,567
2025-10-15T00:00:00.000Z,0,0,0,0,0,0,569
2025-10-16T00:00:00.000Z,0,0,0,0,0,0,488
2025-10-17T00:00:00.000Z,0,0.1,0,0,0,0.007,575
2025-10-18T00:00:00.000Z,0,0.1,0,0,0,0.007,575
2025-10-19T00:00:00.000Z,0,0.1,0,0,0,0.007,576
2025-10-20T00:00:00.000Z,0,0,0,0,0,0,574
2025-10-21T00:00:00.000Z,0,0,0,0,0,0,574
2025-10-22T00:00:00.000Z,0,0,0,0,0,0,574
2025-10-23T00:00:00.000Z,0,0,0,0,0,0,573
2025-10-24T00:00:00.000Z,0,0,0,0,0,0,575
2025-10-25T00:00:00.000Z,0,0,0,0,0,0,574
2025-10-26T00:00:00.000Z,0,0,0,0,0,0,575
2025-10-27T00:00:00.000Z,0,0,0,0,0,0,572
2025-10-28T00:00:00.000Z,0,0,0,0,0,0,574
2025-10-29T00:00:00.000Z,0,0,0,0,0,0,576
2025-10-30T00:00:00.000Z,0,0,0,0,0,0,571
2025-10-31T00:00:00.000Z,0,0,0,0,0,0,573
2025-11-01T00:00:00.000Z,0,0,0,0,0,0,511
2025-11-02T00:00:00.000Z,0,0,0,0,0,0,570
2025-11-03T00:00:00.000Z,0,0,0,0,0,0,568
2025-11-04T00:00:00.000Z,0,0,0,0,0,0,566
2025-11-05T00:00:00.000Z,0,0,0,0,0,0,571
2025-11-06T00:00:00.000Z,0,0,0,0,0,0,565
2025-11-07T00:00:00.000Z,0,0,0,0,0,0,573
2025-11-08T00:00:00.000Z,0,0,0,0,0,0,569
2025-11-09T00:00:00.000Z,0,0,0,0,0,0,573
2025-11-10T00:00:00.000Z,0,0,0,0,0,0,564
2025-11-11T00:00:00.000Z,0,0,0,0,0,0,568
2025-11-12T00:00:00.000Z,0,0,0,0,0,0,574
2025-11-13T00:00:00.000Z,0,0,0,0,0,0,576
2025-11-14T00:00:00.000Z,0,0.1,0,0,0,0.015,575
2025-11-15T00:00:00.000Z,0,0.1,0,0,0,0.021,568
2025-11-16T00:00:00.000Z,0,0.1,0,0,0,0.006,254